COMMON NAME,LATITUDE,LONGITUDE,COUNTY CODE,OBSERVATION DATE,MONTH,COUNTRY CODE,STATE,STATE CODE,COUNTY,LOCALITY,LOCALITY ID,OBSERVER ID,GLOBAL UNIQUE IDENTIFIER
Spotted x Eastern Towhee (hybrid),36.2217065,-100.646205,US-TX-357,1/24/01,1,US,Texas,US-TX,Ochiltree,Wolf Creek Pk / Lake Fryer (PHP 052),L329802,obsr34603,URN:CornellLabOfOrnithology:EBIRD:OBS79677368
Spotted x Eastern Towhee (hybrid),30.418809,-97.157266,US-TX-287,1/4/07,1,US,Texas,US-TX,Lee,"Hugh Brown Sanctuary (private) (Blue, Lee Co.)",L7211741,obsr1071676,URN:CornellLabOfOrnithology:EBIRD:OBS644916284
Spotted x Eastern Towhee (hybrid),38.0694008,-102.615097,US-CO-099,1/31/13,1,US,Colorado,US-CO,Prowers,Lamar Community College,L140471,obsr88773,URN:CornellLabOfOrnithology:EBIRD:OBS179658868
Spotted x Eastern Towhee (hybrid),38.0279938,-98.1045468,US-KS-155,1/6/15,1,US,Kansas,US-KS,Reno,Salt Creek on Pack's Land,L1446710,obsr291748,URN:CornellLabOfOrnithology:EBIRD:OBS289535348
Spotted x Eastern Towhee (hybrid),35.2110106,-97.2423554,US-OK-027,1/2/16,1,US,Oklahoma,US-OK,Cleveland,Little River SP,L1433920,obsr432174,URN:CornellLabOfOrnithology:EBIRD:OBS362815098
Spotted x Eastern Towhee (hybrid),30.709279,-97.459781,US-TX-491,1/19/17,1,US,Texas,US-TX,Williamson,US-TX-Granger-1666-1698 County Road 336 - 30.7093x-97.4598,L5280169,obsr424326,URN:CornellLabOfOrnithology:EBIRD:OBS458817107
Spotted x Eastern Towhee (hybrid),30.1574845,-99.34811,US-TX-265,1/20/17,1,US,Texas,US-TX,Kerr,Heart of the Hills Fisheries Ctr. (HOTW 069),L723603,obsr335287,URN:CornellLabOfOrnithology:EBIRD:OBS459845859
Spotted x Eastern Towhee (hybrid),31.2180499,-97.5116444,US-TX-027,1/27/17,1,US,Texas,US-TX,Bell,Belton Lake--Owl Creek Park / WMA,L627578,obsr324113,URN:CornellLabOfOrnithology:EBIRD:OBS460856646
Spotted x Eastern Towhee (hybrid),29.5502272,-98.2325739,US-TX-029,1/27/18,1,US,Texas,US-TX,Bexar,Crescent Bend Nature Park (Bexar Co.),L783521,obsr145522,URN:CornellLabOfOrnithology:EBIRD:OBS571681759
Spotted x Eastern Towhee (hybrid),32.9660431,-97.093606,US-TX-439,1/1/19,1,US,Texas,US-TX,Tarrant,Grapevine Lake--Oak Grove Pk,L607563,obsr849719,URN:CornellLabOfOrnithology:EBIRD:OBS692149779
Spotted x Eastern Towhee (hybrid),34.9101471,-102.1138,US-TX-381,1/3/20,1,US,Texas,US-TX,Randall,Buffalo Lake NWR (PHP 039),L297765,obsr169815,URN:CornellLabOfOrnithology:EBIRD:OBS846249763
Spotted x Eastern Towhee (hybrid),34.7319095,-98.7232991,US-OK-031,1/3/21,1,US,Oklahoma,US-OK,Comanche,Wichita Mtns Wildlife Refuge--Sunset Picnic Area,L275821,obsr918426,URN:CornellLabOfOrnithology:EBIRD:OBS1045793692
Spotted x Eastern Towhee (hybrid),35.1640238,-97.4420526,US-OK-027,1/10/21,1,US,Oklahoma,US-OK,Cleveland,South Jenkins Ave.,L1488818,obsr339442,URN:CornellLabOfOrnithology:EBIRD:OBS1048772998
Spotted x Eastern Towhee (hybrid),38.9829705,-95.331381,US-KS-045,1/5/22,1,US,Kansas,US-KS,Douglas,Rock Chalk Park,L14680068,obsr2470627,URN:CornellLabOfOrnithology:EBIRD:OBS1311772756
Spotted x Eastern Towhee (hybrid),42.122136,-88.355852,US-IL-089,1/7/22,1,US,Illinois,US-IL,Kane,"Binnie Forest Preserve, Carpentersville US-IL 42.12214, -88.35585",L16100983,obsr1226581,URN:CornellLabOfOrnithology:EBIRD:OBS1313444260
Spotted x Eastern Towhee (hybrid),42.1232461,-88.3570719,US-IL-089,1/8/22,1,US,Illinois,US-IL,Kane,Binnie Forest Preserve,L494661,obsr756307,URN:CornellLabOfOrnithology:EBIRD:OBS1313674285
Spotted x Eastern Towhee (hybrid),31.2437747,-97.6162391,US-TX-099,1/12/22,1,US,Texas,US-TX,Coryell,Fort Hood--East Range (Coryell Co.)(Limited access),L8808815,obsr97148,URN:CornellLabOfOrnithology:EBIRD:OBS1316961383
Spotted x Eastern Towhee (hybrid),41.809445,-88.399525,US-IL-089,1/23/22,1,US,Illinois,US-IL,Kane,Lake Run Forest Preserve,L17474850,obsr137365,URN:CornellLabOfOrnithology:EBIRD:OBS1325779543
Spotted x Eastern Towhee (hybrid),31.2974013,-97.4925041,US-TX-099,1/30/22,1,US,Texas,US-TX,Coryell,Belton Lake--Horseshoe Bend WMA (Coryell Co.),L777942,obsr194146,URN:CornellLabOfOrnithology:EBIRD:OBS1330486763
Spotted x Eastern Towhee (hybrid),33.3771344,-99.8441423,US-TX-207,1/1/23,1,US,Texas,US-TX,Haskell,"1012 Grand Central Avenue, O'Brien, Texas, US (33.377, -99.844)",L22010503,obsr167655,URN:CornellLabOfOrnithology:EBIRD:OBS1594701152
Spotted x Eastern Towhee (hybrid),30.4451176,-99.7978554,US-TX-267,1/3/23,1,US,Texas,US-TX,Kimble,South Llano River SP--Juniper blind,L9101671,obsr697104,URN:CornellLabOfOrnithology:EBIRD:OBS1597144989
Spotted x Eastern Towhee (hybrid),39.6176233,-104.8378301,US-CO-005,1/7/23,1,US,Colorado,US-CO,Arapahoe,Cherry Creek SP--Railroad Bed Trail,L6800283,obsr191490,URN:CornellLabOfOrnithology:EBIRD:OBS1623842134
Spotted x Eastern Towhee (hybrid),31.151836,-97.5717688,US-TX-027,1/29/23,1,US,Texas,US-TX,Bell,"Cowhouse Creek arm, Belton Lake, west of BLORA",L5465141,obsr324113,URN:CornellLabOfOrnithology:EBIRD:OBS1618618424
Spotted x Eastern Towhee (hybrid),32.7958331,-97.4864852,US-TX-439,2/25/03,2,US,Texas,US-TX,Tarrant,Lake Worth - mouth of Live Oak Creek,L2899589,obsr338409,URN:CornellLabOfOrnithology:EBIRD:OBS270537034
Spotted x Eastern Towhee (hybrid),37.3161136,-93.2148743,US-MO-077,2/10/12,2,US,Missouri,US-MO,Greene,Fellows Lake,L1018947,obsr228101,URN:CornellLabOfOrnithology:EBIRD:OBS139937140
Spotted x Eastern Towhee (hybrid),38.0689737,-102.6148796,US-CO-099,2/22/13,2,US,Colorado,US-CO,Prowers,Willow Creek,L499874,obsr112083,URN:CornellLabOfOrnithology:EBIRD:OBS183588656
Spotted x Eastern Towhee (hybrid),39.9897488,-105.1752338,US-CO-013,2/27/13,2,US,Colorado,US-CO,Boulder,Lafayette: Brockway Drive,L1889910,obsr234797,URN:CornellLabOfOrnithology:EBIRD:OBS183660184
Spotted x Eastern Towhee (hybrid),30.6962518,-97.8277625,US-TX-491,2/15/14,2,US,Texas,US-TX,Williamson,Tejas Camp (Williamson Co.) (HOTE 030),L275258,obsr768899,URN:CornellLabOfOrnithology:EBIRD:OBS412337744
Spotted x Eastern Towhee (hybrid),34.7243768,-98.7028187,US-OK-031,2/13/15,2,US,Oklahoma,US-OK,Comanche,Wichita Mtns Wildlife Refuge--French Lake,L322574,obsr211537,URN:CornellLabOfOrnithology:EBIRD:OBS296641553
Spotted x Eastern Towhee (hybrid),35.6255727,-97.382791,US-OK-109,2/16/15,2,US,Oklahoma,US-OK,Oklahoma,Arcadia Conservation Education Area,L1433922,obsr189879,URN:CornellLabOfOrnithology:EBIRD:OBS298846133
Spotted x Eastern Towhee (hybrid),32.9985862,-96.6341972,US-TX-085,2/23/15,2,US,Texas,US-TX,Collin,Richardson- Breckenridge Park,L385293,obsr381807,URN:CornellLabOfOrnithology:EBIRD:OBS299400199
Spotted x Eastern Towhee (hybrid),27.952387,-97.672531,US-TX-409,2/28/15,2,US,Texas,US-TX,San Patricio,"27.9524x-97.6725 - Feb 28, 2015, 9:08 AM",L3444916,obsr338409,URN:CornellLabOfOrnithology:EBIRD:OBS300195987
Spotted x Eastern Towhee (hybrid),29.6154972,-98.6301361,US-TX-029,2/26/17,2,US,Texas,US-TX,Bexar,Crownridge Canyon NA,L390962,obsr59645,URN:CornellLabOfOrnithology:EBIRD:OBS470739107
Spotted x Eastern Towhee (hybrid),32.2316256,-99.8920619,US-TX-441,2/1/19,2,US,Texas,US-TX,Taylor,Lake Abilene,L481859,obsr160496,URN:CornellLabOfOrnithology:EBIRD:OBS1218158297
Spotted x Eastern Towhee (hybrid),30.686157,-97.780253,US-TX-491,2/8/20,2,US,Texas,US-TX,Williamson,Walnut Camp,L10703572,obsr89319,URN:CornellLabOfOrnithology:EBIRD:OBS861566464
Spotted x Eastern Towhee (hybrid),43.1103042,-71.9156456,US-NH-011,2/16/20,2,US,New Hampshire,US-NH,Hillsborough,"Shaw's, Hillsborough",L3557522,obsr577535,URN:CornellLabOfOrnithology:EBIRD:OBS865192944
Spotted x Eastern Towhee (hybrid),30.3592119,-97.7832556,US-TX-453,2/13/21,2,US,Texas,US-TX,Travis,Yard - Northwest Hills,L566357,obsr50412,URN:CornellLabOfOrnithology:EBIRD:OBS1072579017
Spotted x Eastern Towhee (hybrid),40.754881,-73.996915,US-NY-061,2/15/21,2,US,New York,US-NY,New York,Hudson Yards (30th-41st St.; 8th-11th Ave.),L9019612,obsr1072870,URN:CornellLabOfOrnithology:EBIRD:OBS1075565175
Spotted x Eastern Towhee (hybrid),40.7556359,-74.0005347,US-NY-061,2/21/21,2,US,New York,US-NY,New York,Bella Abzug Park,L9405284,obsr512651,URN:CornellLabOfOrnithology:EBIRD:OBS1080028236
Spotted x Eastern Towhee (hybrid),37.6358986,-102.5381012,US-CO-009,2/4/22,2,US,Colorado,US-CO,Baca,Two Buttes SWA (as a whole),L140457,obsr224802,URN:CornellLabOfOrnithology:EBIRD:OBS1334619433
Spotted x Eastern Towhee (hybrid),30.9571033,-97.4934241,US-TX-027,2/4/22,2,US,Texas,US-TX,Bell,Salado Yard,L6505529,obsr422245,URN:CornellLabOfOrnithology:EBIRD:OBS1335637530
Spotted x Eastern Towhee (hybrid),34.0278449,-98.2511863,US-TX-077,2/27/22,2,US,Texas,US-TX,Clay,Petrolia Lake Number 1,L12962363,obsr18543,URN:CornellLabOfOrnithology:EBIRD:OBS1353937051
Spotted x Eastern Towhee (hybrid),32.8341592,-96.7273235,US-TX-113,2/2/23,2,US,Texas,US-TX,Dallas,White Rock Lake--West Lawther Drive area,L3079748,obsr16674,URN:CornellLabOfOrnithology:EBIRD:OBS1621377406
Spotted x Eastern Towhee (hybrid),33.921437,-98.468556,US-TX-485,2/4/23,2,US,Texas,US-TX,Wichita,"76301, Wichita Falls US-TX 33.92144, -98.46856",L22460674,obsr178014,URN:CornellLabOfOrnithology:EBIRD:OBS1622817861
Spotted x Eastern Towhee (hybrid),30.573425,-96.3649889,US-TX-041,2/26/23,2,US,Texas,US-TX,Brazos,Texas A&M Univ.--Ecology & Natural Resource area,L7493616,obsr1530367,URN:CornellLabOfOrnithology:EBIRD:OBS1643037021
Spotted x Eastern Towhee (hybrid),30.4723856,-99.7834969,US-TX-267,3/7/10,3,US,Texas,US-TX,Kimble,Llano River Biological Research Station,L894451,obsr148204,URN:CornellLabOfOrnithology:EBIRD:OBS87119639
Spotted x Eastern Towhee (hybrid),35.2324749,-97.2394967,US-OK-027,3/1/14,3,US,Oklahoma,US-OK,Cleveland,Lake Thunderbird SP--Alameda Dr. & Indian Point Rd.,L2805890,obsr305807,URN:CornellLabOfOrnithology:EBIRD:OBS239708960
Spotted x Eastern Towhee (hybrid),30.5838715,-96.3002486,US-TX-041,3/22/14,3,US,Texas,US-TX,Brazos,Brothers Pond Park,L1747923,obsr216742,URN:CornellLabOfOrnithology:EBIRD:OBS241062617
Spotted x Eastern Towhee (hybrid),29.8939824,-98.3503774,US-TX-091,3/7/15,3,US,Texas,US-TX,Comal,Campfire,L1782407,obsr339672,URN:CornellLabOfOrnithology:EBIRD:OBS301514283
Spotted x Eastern Towhee (hybrid),30.3834554,-97.8517178,US-TX-453,3/2/17,3,US,Texas,US-TX,Travis,Brittlyns Ct.,L1519073,obsr304242,URN:CornellLabOfOrnithology:EBIRD:OBS474017694
Spotted x Eastern Towhee (hybrid),31.607359,-97.3040521,US-TX-309,3/12/18,3,US,Texas,US-TX,McLennan,Lake Waco Wetlands (PPW-W 028),L392281,obsr58722,URN:CornellLabOfOrnithology:EBIRD:OBS587183770
Spotted x Eastern Towhee (hybrid),35.6864397,-97.5063129,US-OK-109,3/18/18,3,US,Oklahoma,US-OK,Oklahoma,Mitch Park,L357151,obsr617631,URN:CornellLabOfOrnithology:EBIRD:OBS589140982
Spotted x Eastern Towhee (hybrid),40.6567533,-98.9708688,US-NE-099,3/14/19,3,US,Nebraska,US-NE,Kearney,"61 Summer Haven, Airbnb",L8835938,obsr181250,URN:CornellLabOfOrnithology:EBIRD:OBS725274797
Spotted x Eastern Towhee (hybrid),31.2144898,-99.8571396,US-TX-095,3/17/19,3,US,Texas,US-TX,Concho,Lee Pfluger Park,L6155694,obsr20725,URN:CornellLabOfOrnithology:EBIRD:OBS725645372
Spotted x Eastern Towhee (hybrid),39.7563593,-92.5144121,US-MO-121,3/19/19,3,US,Missouri,US-MO,Macon,Long Branch Lake and SP,L273251,obsr557151,URN:CornellLabOfOrnithology:EBIRD:OBS726745578
Spotted x Eastern Towhee (hybrid),35.228176,-97.23935,US-OK-027,3/21/20,3,US,Oklahoma,US-OK,Cleveland,"Lake Thunderbird State Park, Norman US-OK (35.2282,-97.2393)",L11012439,obsr1521834,URN:CornellLabOfOrnithology:EBIRD:OBS882489669
Spotted x Eastern Towhee (hybrid),31.7035211,-98.0836226,US-TX-193,3/13/21,3,US,Texas,US-TX,Hamilton,"City Lake,  Hamilton,TX",L6842043,obsr1720986,URN:CornellLabOfOrnithology:EBIRD:OBS1093985633
Spotted x Eastern Towhee (hybrid),31.705627,-97.035322,US-TX-309,3/21/21,3,US,Texas,US-TX,McLennan,"Janke Loop, Elm Creek crossing",L14105210,obsr58722,URN:CornellLabOfOrnithology:EBIRD:OBS1099718316
Spotted x Eastern Towhee (hybrid),37.4519754,-89.4756039,US-MO-031,3/25/21,3,US,Missouri,US-MO,Cape Girardeau,Trail of Tears SP,L251383,obsr273897,URN:CornellLabOfOrnithology:EBIRD:OBS1103189513
Spotted x Eastern Towhee (hybrid),41.7373756,-93.694582,US-IA-153,3/26/21,3,US,Iowa,US-IA,Polk,Saylorville Reservoir--Oak Grove Recreation Area,L593997,obsr401334,URN:CornellLabOfOrnithology:EBIRD:OBS1103843920
Spotted x Eastern Towhee (hybrid),31.6031849,-96.9583392,US-TX-309,3/27/21,3,US,Texas,US-TX,McLennan,Trading house creek area,L13339426,obsr137807,URN:CornellLabOfOrnithology:EBIRD:OBS1104817287
Spotted x Eastern Towhee (hybrid),40.8837196,-96.5655435,US-NE-109,3/28/21,3,US,Nebraska,US-NE,Lancaster,N 112th  & Alvo Rd,L14193946,obsr719696,URN:CornellLabOfOrnithology:EBIRD:OBS1105930343
Spotted x Eastern Towhee (hybrid),35.6369014,-97.3741909,US-OK-109,3/3/23,3,US,Oklahoma,US-OK,Oklahoma,Arcadia Lake,L1433921,obsr231358,URN:CornellLabOfOrnithology:EBIRD:OBS1647153174
Spotted x Eastern Towhee (hybrid),35.5390945,-95.927572,US-OK-111,3/10/23,3,US,Oklahoma,US-OK,Okmulgee,Deep Fork NWR--Cussetah Bottoms,L2521663,obsr1295390,URN:CornellLabOfOrnithology:EBIRD:OBS1652162034
Spotted x Eastern Towhee (hybrid),31.1890797,-97.5681102,US-TX-027,3/19/23,3,US,Texas,US-TX,Bell,Fort Hood East Range--North (Bell Co.)(Restricted Access),L9582123,obsr324113,URN:CornellLabOfOrnithology:EBIRD:OBS1660243633
Spotted x Eastern Towhee (hybrid),32.2820789,-97.7049763,US-TX-425,3/22/23,3,US,Texas,US-TX,Somervell,"1303 Cr 306 A, Rainbow, Texas, US (32.282, -97.705)",L7686569,obsr523751,URN:CornellLabOfOrnithology:EBIRD:OBS1662214119
Spotted x Eastern Towhee (hybrid),34.751345,-98.6803579,US-OK-031,3/29/23,3,US,Oklahoma,US-OK,Comanche,Wichita Mountains Wildlife Refuge,L3844601,obsr188744,URN:CornellLabOfOrnithology:EBIRD:OBS1668898026
Spotted x Eastern Towhee (hybrid),43.8866957,-96.3656863,US-MN-117,4/16/05,4,US,Minnesota,US-MN,Pipestone,"Split Rock Creek State Park, Pipestone County",L6460741,obsr543162,URN:CornellLabOfOrnithology:EBIRD:OBS548459146
Spotted x Eastern Towhee (hybrid),43.030821,-89.3292332,US-WI-025,4/20/08,4,US,Wisconsin,US-WI,Dane,Lake Farm County Park,L201005,obsr98628,URN:CornellLabOfOrnithology:EBIRD:OBS52824481
Spotted x Eastern Towhee (hybrid),42.0306155,-87.8138494,US-IL-031,4/28/12,4,US,Illinois,US-IL,Cook,"Weinman yard, 8225 N Olcott, Niles, II",L3317408,obsr520784,URN:CornellLabOfOrnithology:EBIRD:OBS305070374
Spotted x Eastern Towhee (hybrid),39.3905707,-99.4430923,US-KS-163,4/29/12,4,US,Kansas,US-KS,Rooks,Webster Res.,L756025,obsr203112,URN:CornellLabOfOrnithology:EBIRD:OBS150374142
Spotted x Eastern Towhee (hybrid),39.2898801,-102.9878166,US-CO-063,4/24/13,4,US,Colorado,US-CO,Kit Carson,Flagler Reservoir SWA,L271802,obsr292335,URN:CornellLabOfOrnithology:EBIRD:OBS192509986
Spotted x Eastern Towhee (hybrid),37.9036769,-98.1827546,US-KS-155,4/5/14,4,US,Kansas,US-KS,Reno,The Miggiani place,L1364052,obsr291823,URN:CornellLabOfOrnithology:EBIRD:OBS244308853
Spotted x Eastern Towhee (hybrid),43.0333593,-89.3513775,US-WI-025,4/16/14,4,US,Wisconsin,US-WI,Dane,Nine Springs Natural Area,L199454,obsr219103,URN:CornellLabOfOrnithology:EBIRD:OBS317259365
Spotted x Eastern Towhee (hybrid),40.9026291,-98.6511048,US-NE-079,4/19/14,4,US,Nebraska,US-NE,Hall,Cameron cemetery,L1830219,obsr28733,URN:CornellLabOfOrnithology:EBIRD:OBS246728152
Spotted x Eastern Towhee (hybrid),40.2576354,-99.7259474,US-NE-065,4/21/14,4,US,Nebraska,US-NE,Furnas,Oxford WMA,L608399,obsr28733,URN:CornellLabOfOrnithology:EBIRD:OBS247292331
Spotted x Eastern Towhee (hybrid),40.0877906,-102.2715569,US-CO-125,4/25/16,4,US,Colorado,US-CO,Yuma,Wray Fish Hatchery,L480621,obsr234797,URN:CornellLabOfOrnithology:EBIRD:OBS394983597
Spotted x Eastern Towhee (hybrid),41.7424031,-97.7537727,US-NE-141,4/27/16,4,US,Nebraska,US-NE,Platte,Madison-Platte line at Platte 490,L2959650,obsr28733,URN:CornellLabOfOrnithology:EBIRD:OBS395857075
Spotted x Eastern Towhee (hybrid),42.9396281,-87.8456685,US-WI-079,4/26/17,4,US,Wisconsin,US-WI,Milwaukee,Warnimont County Park (general),L300995,obsr328691,URN:CornellLabOfOrnithology:EBIRD:OBS490695184
Spotted x Eastern Towhee (hybrid),31.5627257,-97.2417283,US-TX-309,4/3/18,4,US,Texas,US-TX,McLennan,Lake Waco--Lacy Point area,L4095024,obsr58722,URN:CornellLabOfOrnithology:EBIRD:OBS595295026
Spotted x Eastern Towhee (hybrid),41.8825315,-69.995712,US-MA-001,4/14/18,4,US,Massachusetts,US-MA,Barnstable,Wellfleet Bay Wildlife Sanctuary (Mass Audubon),L207462,obsr34603,URN:CornellLabOfOrnithology:EBIRD:OBS601390392
Spotted x Eastern Towhee (hybrid),40.7792416,-96.6330814,US-NE-109,4/21/18,4,US,Nebraska,US-NE,Lancaster,Holmes Lake,L715981,obsr719696,URN:CornellLabOfOrnithology:EBIRD:OBS603353998
Spotted x Eastern Towhee (hybrid),30.7112008,-97.7225774,US-TX-491,4/4/19,4,US,Texas,US-TX,Williamson,Sun City‚ÄîLegacy Hills Park (restricted access),L1354160,obsr654934,URN:CornellLabOfOrnithology:EBIRD:OBS741951478
Spotted x Eastern Towhee (hybrid),38.8438525,-97.5867891,US-KS-169,4/10/19,4,US,Kansas,US-KS,Saline,"Lakewood Park, Salina",L1130910,obsr679843,URN:CornellLabOfOrnithology:EBIRD:OBS736544916
Spotted x Eastern Towhee (hybrid),41.855648,-87.8284149,US-IL-031,4/20/19,4,US,Illinois,US-IL,Cook,Miller Meadows Forest Preserve,L140218,obsr20623,URN:CornellLabOfOrnithology:EBIRD:OBS741821194
Spotted x Eastern Towhee (hybrid),39.945519,-97.106945,US-KS-201,4/21/19,4,US,Kansas,US-KS,Washington,"1479 26th Rd, Morrowville US-KS (39.9455,-97.1069)",L9089458,obsr417076,URN:CornellLabOfOrnithology:EBIRD:OBS742278393
Spotted x Eastern Towhee (hybrid),42.4958017,-96.3367081,US-IA-193,4/27/19,4,US,Iowa,US-IA,Woodbury,Bacon Creek Park,L1095492,obsr208629,URN:CornellLabOfOrnithology:EBIRD:OBS748700384
Spotted x Eastern Towhee (hybrid),40.839853,-96.94911,US-NE-159,4/28/19,4,US,Nebraska,US-NE,Seward,Twin Lakes WMA,L604321,obsr530166,URN:CornellLabOfOrnithology:EBIRD:OBS746448088
Spotted x Eastern Towhee (hybrid),40.8184272,-96.7015851,US-NE-109,4/30/19,4,US,Nebraska,US-NE,Lancaster,UNL City Campus,L4763044,obsr769704,URN:CornellLabOfOrnithology:EBIRD:OBS748061121
Spotted x Eastern Towhee (hybrid),33.5852884,-98.6406056,US-TX-009,4/5/20,4,US,Texas,US-TX,Archer,Carver Lake,L1529961,obsr18543,URN:CornellLabOfOrnithology:EBIRD:OBS889405887
Spotted x Eastern Towhee (hybrid),31.608715,-97.101094,US-TX-309,4/6/20,4,US,Texas,US-TX,McLennan,Development Blvd wetland,L10921604,obsr58722,URN:CornellLabOfOrnithology:EBIRD:OBS890109491
Spotted x Eastern Towhee (hybrid),42.4085771,-71.4724244,US-MA-017,4/16/20,4,US,Massachusetts,US-MA,Middlesex,Assabet River NWR,L207344,obsr953305,URN:CornellLabOfOrnithology:EBIRD:OBS896370445
Spotted x Eastern Towhee (hybrid),40.6327145,-98.9112854,US-NE-099,4/19/20,4,US,Nebraska,US-NE,Kearney,Harding home near V Rd. & 34th Rd.,L1954514,obsr375782,URN:CornellLabOfOrnithology:EBIRD:OBS899426092
Spotted x Eastern Towhee (hybrid),32.4523433,-99.7214315,US-TX-441,4/10/21,4,US,Texas,US-TX,Taylor,"Cedar Creek Trail, Abilene",L8599162,obsr160496,URN:CornellLabOfOrnithology:EBIRD:OBS1117435002
Spotted x Eastern Towhee (hybrid),41.1657252,-96.037645,US-NE-153,4/25/21,4,US,Nebraska,US-NE,Sarpy,Swanson Yard,L12654487,obsr436685,URN:CornellLabOfOrnithology:EBIRD:OBS1265905783
Spotted x Eastern Towhee (hybrid),42.8482603,-97.4840533,US-NE-027,4/28/21,4,US,Nebraska,US-NE,Cedar,Calumet Bluff Lookout,L1508612,obsr355251,URN:CornellLabOfOrnithology:EBIRD:OBS1134845667
Spotted x Eastern Towhee (hybrid),40.9150692,-73.3307362,US-NY-103,4/28/21,4,US,New York,US-NY,Suffolk,Fuchs Pond Preserve,L888883,obsr290998,URN:CornellLabOfOrnithology:EBIRD:OBS1134650743
Spotted x Eastern Towhee (hybrid),42.606396,-96.724231,US-NE-051,4/29/21,4,US,Nebraska,US-NE,Dixon,"Ponca State Park, Newcastle US-NE 42.60640, -96.72423",L14661536,obsr355251,URN:CornellLabOfOrnithology:EBIRD:OBS1135928164
Spotted x Eastern Towhee (hybrid),36.155136,-97.0772922,US-OK-119,4/5/22,4,US,Oklahoma,US-OK,Payne,Sanborn Lake,L274776,obsr284785,URN:CornellLabOfOrnithology:EBIRD:OBS1383583364
Spotted x Eastern Towhee (hybrid),37.0977878,-96.4940679,US-KS-019,4/19/22,4,US,Kansas,US-KS,Chautauqua,Hewins Park & Cedar Vale WTP,L2717951,obsr291728,URN:CornellLabOfOrnithology:EBIRD:OBS1397188573
Spotted x Eastern Towhee (hybrid),40.9797037,-96.9908237,US-NE-159,4/22/22,4,US,Nebraska,US-NE,Seward,Oak Glen WMA,L1300576,obsr2905687,URN:CornellLabOfOrnithology:EBIRD:OBS1400229889
Spotted x Eastern Towhee (hybrid),36.388761,-97.899415,US-OK-047,4/28/22,4,US,Oklahoma,US-OK,Garfield,Weldon Park,L12341897,obsr776932,URN:CornellLabOfOrnithology:EBIRD:OBS1407400618
Spotted x Eastern Towhee (hybrid),39.3878565,-94.8745823,US-MO-165,5/10/96,5,US,Missouri,US-MO,Platte,Weston Bend SP,L212048,obsr268012,URN:CornellLabOfOrnithology:EBIRD:OBS843154776
Spotted x Eastern Towhee (hybrid),40.1028264,-99.4520402,US-NE-083,5/5/09,5,US,Nebraska,US-NE,Harlan,Republican River--Hwy 89 crossing,L569401,obsr28733,URN:CornellLabOfOrnithology:EBIRD:OBS69561012
Spotted x Eastern Towhee (hybrid),41.1927033,-99.7089958,US-NE-041,5/9/09,5,US,Nebraska,US-NE,Custer,Pressey WMA,L594796,obsr133016,URN:CornellLabOfOrnithology:EBIRD:OBS255558349
Spotted x Eastern Towhee (hybrid),41.7136578,-96.7013383,US-NE-053,5/3/10,5,US,Nebraska,US-NE,Dodge,Powder Horn WMA,L775245,obsr28733,URN:CornellLabOfOrnithology:EBIRD:OBS91216878
Spotted x Eastern Towhee (hybrid),40.8380998,-102.7932358,US-CO-075,5/21/10,5,US,Colorado,US-CO,Logan,Tamarack Ranch SWA,L912017,obsr178480,URN:CornellLabOfOrnithology:EBIRD:OBS92753665
Spotted x Eastern Towhee (hybrid),40.4327585,-100.2406826,US-NE-063,5/25/10,5,US,Nebraska,US-NE,Frontier,Medicine Creek WMA,L914152,obsr28733,URN:CornellLabOfOrnithology:EBIRD:OBS92904178
Spotted x Eastern Towhee (hybrid),41.144277,-98.5023451,US-NE-093,5/29/10,5,US,Nebraska,US-NE,Howard,Harold W. Andersen WMA,L717157,obsr28733,URN:CornellLabOfOrnithology:EBIRD:OBS93077701
Spotted x Eastern Towhee (hybrid),42.9219891,-96.7758179,US-SD-127,5/8/11,5,US,South Dakota,US-SD,Union,Union Grove SP,L1147410,obsr166950,URN:CornellLabOfOrnithology:EBIRD:OBS117820022
Spotted x Eastern Towhee (hybrid),40.8399276,-99.9851381,US-NE-047,5/12/12,5,US,Nebraska,US-NE,Dawson,Cozad WMA,L1539225,obsr28733,URN:CornellLabOfOrnithology:EBIRD:OBS152832140
Spotted x Eastern Towhee (hybrid),49.7404098,-98.3060561,CA-MB-NI,5/17/12,5,CA,Manitoba,CA-MB,Portage la Prairie Area,atlas square: 14NA51 - ,L1636931,obsr245296,URN:CornellLabOfOrnithology:EBIRD:OBS159523823
Spotted x Eastern Towhee (hybrid),49.8002145,-98.2661819,CA-MB-NI,5/24/12,5,CA,Manitoba,CA-MB,Portage la Prairie Area,Portage Sandhills,L1288793,obsr245296,URN:CornellLabOfOrnithology:EBIRD:OBS154300734
Spotted x Eastern Towhee (hybrid),41.8152216,-103.6839801,US-NE-157,5/26/12,5,US,Nebraska,US-NE,Scotts Bluff,Gering Cemetery,L1740109,obsr28733,URN:CornellLabOfOrnithology:EBIRD:OBS154702606
Spotted x Eastern Towhee (hybrid),40.2453989,-99.6360612,US-NE-065,5/30/12,5,US,Nebraska,US-NE,Furnas,Oxford City Park,L569402,obsr28733,URN:CornellLabOfOrnithology:EBIRD:OBS154993630
Spotted x Eastern Towhee (hybrid),42.7393969,-96.9544814,US-SD-027,5/30/12,5,US,South Dakota,US-SD,Clay,Frost Wilderness Area,L1530753,obsr150509,URN:CornellLabOfOrnithology:EBIRD:OBS154945568
Spotted x Eastern Towhee (hybrid),39.4000043,-94.262683,US-MO-047,5/4/13,5,US,Missouri,US-MO,Clay,Watkins Mill SP,L351627,obsr162507,URN:CornellLabOfOrnithology:EBIRD:OBS194820666
Spotted x Eastern Towhee (hybrid),38.0729604,-103.0172539,US-CO-011,5/10/13,5,US,Colorado,US-CO,Bent,John Martin Reservoir,L109299,obsr234797,URN:CornellLabOfOrnithology:EBIRD:OBS195777633
Spotted x Eastern Towhee (hybrid),46.8639358,-96.9088473,US-ND-017,5/13/13,5,US,North Dakota,US-ND,Cass,Elmwood Park,L1773736,obsr132344,URN:CornellLabOfOrnithology:EBIRD:OBS196327970
Spotted x Eastern Towhee (hybrid),47.8843004,-97.0320078,US-ND-035,5/15/13,5,US,North Dakota,US-ND,Grand Forks,Home 417 Terrace Drive,L423112,obsr51867,URN:CornellLabOfOrnithology:EBIRD:OBS196901356
Spotted x Eastern Towhee (hybrid),40.8438139,-102.7554274,US-CO-075,5/26/13,5,US,Colorado,US-CO,Logan,Tamarack Ranch SWA--385 Rd,L683049,obsr308869,URN:CornellLabOfOrnithology:EBIRD:OBS199374144
Spotted x Eastern Towhee (hybrid),38.1572368,-98.491745,US-KS-185,5/6/14,5,US,Kansas,US-KS,Stafford,Quivira NWR ,L952828,obsr291748,URN:CornellLabOfOrnithology:EBIRD:OBS251123184
Spotted x Eastern Towhee (hybrid),40.0853843,-102.2761784,US-CO-125,5/14/14,5,US,Colorado,US-CO,Yuma,Stalker Lake SWA,L271803,obsr234797,URN:CornellLabOfOrnithology:EBIRD:OBS253541649
Spotted x Eastern Towhee (hybrid),47.9433358,-97.0280421,US-MN-119,5/14/14,5,US,Minnesota,US-MN,Polk,My yard,L792862,obsr197286,URN:CornellLabOfOrnithology:EBIRD:OBS253967978
Spotted x Eastern Towhee (hybrid),40.118269,-98.6508322,US-NE-181,5/14/14,5,US,Nebraska,US-NE,Webster,500 x J,L2385711,obsr28733,URN:CornellLabOfOrnithology:EBIRD:OBS255421713
Spotted x Eastern Towhee (hybrid),38.3241485,-102.7062937,US-CO-061,5/15/14,5,US,Colorado,US-CO,Kiowa,Neenoshe Reservoir--Locust Grove,L267331,obsr234797,URN:CornellLabOfOrnithology:EBIRD:OBS253816282
Spotted x Eastern Towhee (hybrid),40.355039,-105.1014785,US-CO-069,5/22/14,5,US,Colorado,US-CO,Larimer,My Garden,L1240045,obsr275593,URN:CornellLabOfOrnithology:EBIRD:OBS255775899
Spotted x Eastern Towhee (hybrid),40.9836738,-102.250886,US-CO-115,5/24/14,5,US,Colorado,US-CO,Sedgwick,DePoorter Lake,L2266538,obsr234797,URN:CornellLabOfOrnithology:EBIRD:OBS256080697
Spotted x Eastern Towhee (hybrid),41.8992266,-100.2983522,US-NE-171,5/13/15,5,US,Nebraska,US-NE,Thomas,Camp Halsey,L480051,obsr28733,URN:CornellLabOfOrnithology:EBIRD:OBS319492051
Spotted x Eastern Towhee (hybrid),42.7856125,-100.925922,US-NE-031,5/15/15,5,US,Nebraska,US-NE,Cherry,Anderson Bridge WMA,L1833657,obsr28733,URN:CornellLabOfOrnithology:EBIRD:OBS320278847
Spotted x Eastern Towhee (hybrid),42.8073659,-100.6662655,US-NE-031,5/16/15,5,US,Nebraska,US-NE,Cherry,Niobrara River--Hwy 97 crossing,L2647315,obsr28733,URN:CornellLabOfOrnithology:EBIRD:OBS320432862
Spotted x Eastern Towhee (hybrid),40.9608936,-102.3877931,US-CO-115,5/24/15,5,US,Colorado,US-CO,Sedgwick,Ovid (town),L159704,obsr234797,URN:CornellLabOfOrnithology:EBIRD:OBS322515397
Spotted x Eastern Towhee (hybrid),40.6835345,-99.291687,US-NE-019,5/1/16,5,US,Nebraska,US-NE,Buffalo,Coot Shallows WMA,L605979,obsr28733,URN:CornellLabOfOrnithology:EBIRD:OBS397384171
Spotted x Eastern Towhee (hybrid),41.4069112,-97.082963,US-NE-037,5/7/16,5,US,Nebraska,US-NE,Colfax,Whitetail WMA,L558754,obsr28733,URN:CornellLabOfOrnithology:EBIRD:OBS400026038
Spotted x Eastern Towhee (hybrid),41.558942,-94.7914161,US-IA-009,5/21/17,5,US,Iowa,US-IA,Audubon,Littlefield Park,L1420601,obsr137437,URN:CornellLabOfOrnithology:EBIRD:OBS503106065
Spotted x Eastern Towhee (hybrid),40.6875209,-99.3833542,US-NE-019,5/23/17,5,US,Nebraska,US-NE,Buffalo,Blue Hole WMA,L597668,obsr286572,URN:CornellLabOfOrnithology:EBIRD:OBS532757448
Spotted x Eastern Towhee (hybrid),41.1021827,-101.1073152,US-NE-111,5/26/17,5,US,Nebraska,US-NE,Lincoln,Sutherland Reservoir,L1502426,obsr59213,URN:CornellLabOfOrnithology:EBIRD:OBS504725689
Spotted x Eastern Towhee (hybrid),39.8390403,-100.4899263,US-KS-039,5/27/17,5,US,Kansas,US-KS,Decatur,Sappa Park,L908594,obsr102204,URN:CornellLabOfOrnithology:EBIRD:OBS505371464
Spotted x Eastern Towhee (hybrid),41.1522721,-101.0786907,US-NE-111,5/28/17,5,US,Nebraska,US-NE,Lincoln,Alberta's Farm,L5897677,obsr286572,URN:CornellLabOfOrnithology:EBIRD:OBS532757949
Spotted x Eastern Towhee (hybrid),40.2853032,-103.6972878,US-CO-087,5/29/17,5,US,Colorado,US-CO,Morgan,Jean K Tool SWA,L2202732,obsr286572,URN:CornellLabOfOrnithology:EBIRD:OBS532756049
Spotted x Eastern Towhee (hybrid),40.3203325,-103.5928598,US-CO-087,5/30/17,5,US,Colorado,US-CO,Morgan,Cottonwood SWA,L2860252,obsr286572,URN:CornellLabOfOrnithology:EBIRD:OBS532756264
Spotted x Eastern Towhee (hybrid),38.202305,-102.486874,US-CO-099,5/9/18,5,US,Colorado,US-CO,Prowers,"May Ranch, PCR SS and Sandy Creek",L6817553,obsr234797,URN:CornellLabOfOrnithology:EBIRD:OBS614884469
Spotted x Eastern Towhee (hybrid),42.3749369,-98.1180811,US-NE-003,5/10/18,5,US,Nebraska,US-NE,Antelope,Grove Lake,L1169189,obsr1006586,URN:CornellLabOfOrnithology:EBIRD:OBS615758275
Spotted x Eastern Towhee (hybrid),46.8215831,-100.7496251,US-ND-015,5/12/18,5,US,North Dakota,US-ND,Burleigh,Bismarck--Sleepy Hollow Park,L720872,obsr160292,URN:CornellLabOfOrnithology:EBIRD:OBS617587768
Spotted x Eastern Towhee (hybrid),40.9642642,-98.8602938,US-NE-019,5/25/18,5,US,Nebraska,US-NE,Buffalo,Birdland Farm,L8020394,obsr1169011,URN:CornellLabOfOrnithology:EBIRD:OBS884560885
Spotted x Eastern Towhee (hybrid),40.7778604,-96.7609477,US-NE-109,5/7/19,5,US,Nebraska,US-NE,Lancaster,Pioneers Park,L690000,obsr297531,URN:CornellLabOfOrnithology:EBIRD:OBS754181229
Spotted x Eastern Towhee (hybrid),44.88148,-93.68377,US-MN-019,5/8/19,5,US,Minnesota,US-MN,Carver,Carver Park Reserve--Lowry Nature Center,L355352,obsr489062,URN:CornellLabOfOrnithology:EBIRD:OBS754575815
Spotted x Eastern Towhee (hybrid),41.848056,-99.2162552,US-NE-071,5/15/19,5,US,Nebraska,US-NE,Garfield,Homestead Knolls Campground,L9270482,obsr100116,URN:CornellLabOfOrnithology:EBIRD:OBS759333968
Spotted x Eastern Towhee (hybrid),48.55967,-102.636961,US-ND-013,5/27/19,5,US,North Dakota,US-ND,Burke,"pL High School Hillcrest Ave, Powers Lake US-ND (48.5597,-102.6370)",L9356169,obsr444697,URN:CornellLabOfOrnithology:EBIRD:OBS768932729
Spotted x Eastern Towhee (hybrid),41.715724,-96.6908026,US-NE-053,5/4/20,5,US,Nebraska,US-NE,Dodge,Dead Timber SRA,L775246,obsr530166,URN:CornellLabOfOrnithology:EBIRD:OBS911839815
Spotted x Eastern Towhee (hybrid),46.8334165,-100.8324189,US-ND-015,5/5/20,5,US,North Dakota,US-ND,Burleigh,Ducks Unlimited Bismarck,L5052029,obsr208437,URN:CornellLabOfOrnithology:EBIRD:OBS913160139
Spotted x Eastern Towhee (hybrid),40.836002,-98.341282,US-NE-079,5/9/20,5,US,Nebraska,US-NE,Hall,"W Camp Augustine Rd, Grand Island US-NE (40.8360,-98.3413)",L9244100,obsr623695,URN:CornellLabOfOrnithology:EBIRD:OBS916415481
Spotted x Eastern Towhee (hybrid),43.4175514,-95.1362324,US-IA-059,5/12/20,5,US,Iowa,US-IA,Dickinson,Center Lake WMA,L11424653,obsr990753,URN:CornellLabOfOrnithology:EBIRD:OBS919948933
Spotted x Eastern Towhee (hybrid),42.6034837,-96.7150068,US-NE-051,5/24/20,5,US,Nebraska,US-NE,Dixon,Ponca SP,L863472,obsr141649,URN:CornellLabOfOrnithology:EBIRD:OBS931107674
Spotted x Eastern Towhee (hybrid),42.88892,-100.3137589,US-NE-031,5/1/21,5,US,Nebraska,US-NE,Cherry,Smith Falls SP,L785210,obsr1006586,URN:CornellLabOfOrnithology:EBIRD:OBS1153259845
Spotted x Eastern Towhee (hybrid),44.7428927,-93.2511377,US-MN-037,5/2/21,5,US,Minnesota,US-MN,Dakota,Alimagnet Lake Park,L2721283,obsr518553,URN:CornellLabOfOrnithology:EBIRD:OBS1151987423
Spotted x Eastern Towhee (hybrid),41.4137746,-96.8673858,US-NE-155,5/4/21,5,US,Nebraska,US-NE,Saunders,County Road 30 (Saunders County),L11780368,obsr297531,URN:CornellLabOfOrnithology:EBIRD:OBS1142297469
Spotted x Eastern Towhee (hybrid),44.524969,-94.908524,US-MN-129,5/5/21,5,US,Minnesota,US-MN,Renville,"64462 645th Ave, Franklin US-MN 44.52497, -94.90852",L14759058,obsr788663,URN:CornellLabOfOrnithology:EBIRD:OBS1143130728
Spotted x Eastern Towhee (hybrid),40.0709514,-99.2026055,US-NE-083,5/5/21,5,US,Nebraska,US-NE,Harlan,River's Edge Nature Trail,L7390425,obsr530166,URN:CornellLabOfOrnithology:EBIRD:OBS1143292488
Spotted x Eastern Towhee (hybrid),40.377048,-103.500871,US-CO-087,5/8/21,5,US,Colorado,US-CO,Morgan,"34101‚Äì34123 County Road W7, Snyder US-CO 40.37705, -103.50087",L14835407,obsr728125,URN:CornellLabOfOrnithology:EBIRD:OBS1149050409
Spotted x Eastern Towhee (hybrid),46.8647042,-102.8327789,US-ND-089,5/11/21,5,US,North Dakota,US-ND,Stark,"10 Patterson Lake Drive 46.865, -102.83",L6495071,obsr215647,URN:CornellLabOfOrnithology:EBIRD:OBS1152281642
Spotted x Eastern Towhee (hybrid),40.7323895,-97.0015743,US-NE-159,5/12/21,5,US,Nebraska,US-NE,Seward,Council Oak Road,L10126604,obsr148821,URN:CornellLabOfOrnithology:EBIRD:OBS1153393056
Spotted x Eastern Towhee (hybrid),41.9315285,-97.2846222,US-NE-167,5/14/21,5,US,Nebraska,US-NE,Stanton,Wood Duck WMA--woods,L638651,obsr355251,URN:CornellLabOfOrnithology:EBIRD:OBS1155330738
Spotted x Eastern Towhee (hybrid),39.61351,-102.222,US-CO-125,5/15/21,5,US,Colorado,US-CO,Yuma,South Republican SWA--Foster Grove,L340233,obsr308869,URN:CornellLabOfOrnithology:EBIRD:OBS1157242418
Spotted x Eastern Towhee (hybrid),40.7676717,-96.7177963,US-NE-109,5/16/21,5,US,Nebraska,US-NE,Lancaster,Wilderness Park,L868276,obsr396947,URN:CornellLabOfOrnithology:EBIRD:OBS1159349077
Spotted x Eastern Towhee (hybrid),40.549149,-97.633709,US-NE-059,5/17/21,5,US,Nebraska,US-NE,Fillmore,"1461‚Äì1499 Road 11, Geneva US-NE 40.54915, -97.63371",L14989252,obsr355251,URN:CornellLabOfOrnithology:EBIRD:OBS1159423536
Spotted x Eastern Towhee (hybrid),41.301458,-101.988163,US-NE-101,5/21/21,5,US,Nebraska,US-NE,Keith,Lake McConaughy‚ÄîOmaha Beach Campground,L14281799,obsr355251,URN:CornellLabOfOrnithology:EBIRD:OBS1162779257
Spotted x Eastern Towhee (hybrid),50.40236,-101.277599,CA-MB-FN,5/22/21,5,CA,Manitoba,CA-MB,Western Manitoba Westman,"Fort Ellice Rd, McAuley CA-MB 50.40236, -101.27760",L15091859,obsr180407,URN:CornellLabOfOrnithology:EBIRD:OBS1166317892
Spotted x Eastern Towhee (hybrid),50.402625,-101.277592,CA-MB-FN,5/23/21,5,CA,Manitoba,CA-MB,Western Manitoba Westman,NCC field house to upper pasture/prairie and back,L15092022,obsr1123809,URN:CornellLabOfOrnithology:EBIRD:OBS1166948920
Spotted x Eastern Towhee (hybrid),42.7824611,-100.0353876,US-NE-017,5/23/21,5,US,Nebraska,US-NE,Brown,"NVP West Trail, Johnstown, Nebraska, US (42.782, -100.035)",L7653479,obsr716665,URN:CornellLabOfOrnithology:EBIRD:OBS1165355410
Spotted x Eastern Towhee (hybrid),41.2150002,-101.6624985,US-NE-101,5/25/21,5,US,Nebraska,US-NE,Keith,Lake Ogallala,L140453,obsr2522360,URN:CornellLabOfOrnithology:EBIRD:OBS1303522922
Spotted x Eastern Towhee (hybrid),40.036249,-99.3341088,US-NE-083,5/29/21,5,US,Nebraska,US-NE,Harlan,Harlan County Lake--Prairie Dog Bay area,L5155141,obsr355251,URN:CornellLabOfOrnithology:EBIRD:OBS1170459184
Spotted x Eastern Towhee (hybrid),41.0902197,-97.9963303,US-NE-121,5/1/22,5,US,Nebraska,US-NE,Merrick,Dark Island Trail--Merrick side,L2187962,obsr28733,URN:CornellLabOfOrnithology:EBIRD:OBS1413181086
Spotted x Eastern Towhee (hybrid),41.020017,-96.376992,US-NE-155,5/2/22,5,US,Nebraska,US-NE,Saunders,"2002 Paddock Rd, Ashland US-NE 41.02002, -96.37699",L15211298,obsr717194,URN:CornellLabOfOrnithology:EBIRD:OBS1412131317
Spotted x Eastern Towhee (hybrid),40.0923214,-101.7615509,US-NE-057,5/3/22,5,US,Nebraska,US-NE,Dundy,Rock Creek SRA,L770351,obsr234797,URN:CornellLabOfOrnithology:EBIRD:OBS1414000806
Spotted x Eastern Towhee (hybrid),41.3482269,-96.0545874,US-NE-055,5/10/22,5,US,Nebraska,US-NE,Douglas,Glenn Cunningham Lake,L1418317,obsr297531,URN:CornellLabOfOrnithology:EBIRD:OBS1423134681
Spotted x Eastern Towhee (hybrid),43.93435,-76.8652,CA-ON-PE,5/19/22,5,CA,Ontario,CA-ON,Prince Edward,43.9344 X -76.8652,L3142352,obsr335718,URN:CornellLabOfOrnithology:EBIRD:OBS1435628558
Spotted x Eastern Towhee (hybrid),39.6301588,-102.1430449,US-CO-125,5/24/22,5,US,Colorado,US-CO,Yuma,South Republican SWA--Hale Crossroads,L2837800,obsr216958,URN:CornellLabOfOrnithology:EBIRD:OBS1441553228
Spotted x Eastern Towhee (hybrid),41.2285718,-103.8267231,US-NE-105,5/26/22,5,US,Nebraska,US-NE,Kimball,Oliver Reservoir SRA,L479513,obsr234797,URN:CornellLabOfOrnithology:EBIRD:OBS1443352891
Spotted x Eastern Towhee (hybrid),48.9486265,-100.5232809,US-ND-009,6/13/09,6,US,North Dakota,US-ND,Bottineau,Turtle Mtns.--Mystical Horizons,L940631,obsr51867,URN:CornellLabOfOrnithology:EBIRD:OBS1346031401
Spotted x Eastern Towhee (hybrid),48.9578591,-100.1942248,US-ND-009,6/17/09,6,US,North Dakota,US-ND,Bottineau,Turtle Mtns Bottineau County,L17772066,obsr51867,URN:CornellLabOfOrnithology:EBIRD:OBS1343964305
Spotted x Eastern Towhee (hybrid),49.8442369,-102.3960848,CA-SK-ON,6/27/11,6,CA,Saskatchewan,CA-SK,Estevan,"Moose Mountain PP (general area, try to use more specific hotspots)",L371173,obsr606943,URN:CornellLabOfOrnithology:EBIRD:OBS1051674882
Spotted x Eastern Towhee (hybrid),39.8873801,-98.9492103,US-KS-183,6/17/12,6,US,Kansas,US-KS,Smith,SMCP38 020,L1589609,obsr163285,URN:CornellLabOfOrnithology:EBIRD:OBS156569436
Spotted x Eastern Towhee (hybrid),42.7717152,-98.4423494,US-NE-015,6/18/12,6,US,Nebraska,US-NE,Boyd,Redbird Bridge,L903695,obsr28733,URN:CornellLabOfOrnithology:EBIRD:OBS156763416
Spotted x Eastern Towhee (hybrid),42.7557728,-98.4387875,US-NE-089,6/18/12,6,US,Nebraska,US-NE,Holt,Redbird WMA,L903689,obsr28733,URN:CornellLabOfOrnithology:EBIRD:OBS156762980
Spotted x Eastern Towhee (hybrid),42.7201396,-99.588114,US-NE-149,6/19/12,6,US,Nebraska,US-NE,Rock,Fred Thomas WMA,L738390,obsr28733,URN:CornellLabOfOrnithology:EBIRD:OBS156765086
Spotted x Eastern Towhee (hybrid),42.8231377,-100.1343727,US-NE-103,6/13/14,6,US,Nebraska,US-NE,Keya Paha,Mule Shoe Creek Road x River Road,L2923002,obsr28733,URN:CornellLabOfOrnithology:EBIRD:OBS259923702
Spotted x Eastern Towhee (hybrid),41.8092444,-99.143908,US-NE-071,6/14/14,6,US,Nebraska,US-NE,Garfield,Pebble Creek Road,L1252812,obsr28733,URN:CornellLabOfOrnithology:EBIRD:OBS259956651
Spotted x Eastern Towhee (hybrid),40.2895107,-103.8778996,US-CO-087,6/28/14,6,US,Colorado,US-CO,Morgan,Narrows Dam site,L2777962,obsr308869,URN:CornellLabOfOrnithology:EBIRD:OBS261637113
Spotted x Eastern Towhee (hybrid),49.4819553,-100.6498718,CA-MB-FI,6/4/15,6,CA,Manitoba,CA-MB,South West Westman,Lauder Sandhills PWMA,L1018126,obsr105133,URN:CornellLabOfOrnithology:EBIRD:OBS326351540
Spotted x Eastern Towhee (hybrid),48.2741567,-97.7306642,US-ND-099,6/5/16,6,US,North Dakota,US-ND,Walsh,US-North Dakota-Pisek-5935-5949 134th Ave NE - 48.274x-97.731,L4676167,obsr197286,URN:CornellLabOfOrnithology:EBIRD:OBS410127259
Spotted x Eastern Towhee (hybrid),41.7998233,-98.1053782,US-NE-011,6/15/16,6,US,Nebraska,US-NE,Boone,Olson Nature Preserve,L594093,obsr28733,URN:CornellLabOfOrnithology:EBIRD:OBS412299030
Spotted x Eastern Towhee (hybrid),49.5716667,-109.8819444,CA-SK-FO,6/4/17,6,CA,Saskatchewan,CA-SK,Maple Creek,Cypress Hills PP--Fort Walsh,L445278,obsr673655,URN:CornellLabOfOrnithology:EBIRD:OBS508218848
Spotted x Eastern Towhee (hybrid),46.8657,-96.4676,US-MN-027,6/16/17,6,US,Minnesota,US-MN,Clay,Buffalo River SP,L151755,obsr139848,URN:CornellLabOfOrnithology:EBIRD:OBS584542693
Spotted x Eastern Towhee (hybrid),41.411081,-97.02569,US-NE-023,6/16/17,6,US,Nebraska,US-NE,Butler,"68632, David City US-NE (41.4111,-97.0257)",L5982766,obsr538464,URN:CornellLabOfOrnithology:EBIRD:OBS511584760
Spotted x Eastern Towhee (hybrid),43.4995048,-96.5934303,US-IA-119,6/18/17,6,US,Iowa,US-IA,Lyon,Gitchie Manitou State Preserve,L1283175,obsr137437,URN:CornellLabOfOrnithology:EBIRD:OBS512120587
Spotted x Eastern Towhee (hybrid),40.814946,-98.4290457,US-NE-079,6/18/17,6,US,Nebraska,US-NE,Hall,Loch Linda WMA,L1183545,obsr538464,URN:CornellLabOfOrnithology:EBIRD:OBS512090798
Spotted x Eastern Towhee (hybrid),40.909998,-100.317187,US-NE-111,6/20/17,6,US,Nebraska,US-NE,Lincoln,"69123, Brady US-NE (40.9100,-100.3172)",L6001237,obsr538464,URN:CornellLabOfOrnithology:EBIRD:OBS512848581
Spotted x Eastern Towhee (hybrid),46.8652811,-96.4669396,US-MN-027,6/25/17,6,US,Minnesota,US-MN,Clay,"US-Minnesota-Glyndon-565 155th Street South - 46.865x-96.467 - Jun 25, 2017 8:27 AM",L6016675,obsr338085,URN:CornellLabOfOrnithology:EBIRD:OBS513790447
Spotted x Eastern Towhee (hybrid),50.52068,-101.47041,CA-MB-FN,6/29/17,6,CA,Manitoba,CA-MB,Western Manitoba Westman,Spy Hill-Elllice PFRA (MB),L4584113,obsr121883,URN:CornellLabOfOrnithology:EBIRD:OBS514961077
Spotted x Eastern Towhee (hybrid),49.683624,-100.742569,CA-MB-SI,6/3/18,6,CA,Manitoba,CA-MB,Virden Area,Oak Lake PP and Oak Lake,L1028192,obsr268467,URN:CornellLabOfOrnithology:EBIRD:OBS628740418
Spotted x Eastern Towhee (hybrid),49.7832038,-100.7029581,CA-MB-SI,6/8/18,6,CA,Manitoba,CA-MB,Virden Area,Oak Lake North of # 1Hwy,L7544364,obsr280602,URN:CornellLabOfOrnithology:EBIRD:OBS629987214
Spotted x Eastern Towhee (hybrid),41.4490016,-102.5291169,US-NE-069,6/12/18,6,US,Nebraska,US-NE,Garden,"Crane Grove (private), Lisco, Nebraska, US (41.449, -102.529)",L7562599,obsr466468,URN:CornellLabOfOrnithology:EBIRD:OBS630571108
Spotted x Eastern Towhee (hybrid),41.896375,-100.327643,US-NE-171,6/26/18,6,US,Nebraska,US-NE,Thomas,"(41.8964,-100.3276). Circle Road",L7628508,obsr201374,URN:CornellLabOfOrnithology:EBIRD:OBS634726752
Spotted x Eastern Towhee (hybrid),42.6218336,-100.8768082,US-NE-031,6/4/19,6,US,Nebraska,US-NE,Cherry,Merritt Reservoir,L1007731,obsr505124,URN:CornellLabOfOrnithology:EBIRD:OBS778374468
Spotted x Eastern Towhee (hybrid),42.7627949,-97.1128725,US-NE-027,6/5/19,6,US,Nebraska,US-NE,Cedar,"Unknown Location - (42.763, -97.113)",L9413776,obsr432927,URN:CornellLabOfOrnithology:EBIRD:OBS771498620
Spotted x Eastern Towhee (hybrid),42.179879,-97.5765324,US-NE-139,6/10/19,6,US,Nebraska,US-NE,Pierce,Willow Creek SRA,L592555,obsr28733,URN:CornellLabOfOrnithology:EBIRD:OBS773606191
Spotted x Eastern Towhee (hybrid),47.9852906,-98.9784269,US-ND-005,6/11/19,6,US,North Dakota,US-ND,Benson,White Horse Hill Natl. Game Preserve--Visitor Center trails,L1844649,obsr321488,URN:CornellLabOfOrnithology:EBIRD:OBS774026889
Spotted x Eastern Towhee (hybrid),42.006767,-97.4884701,US-NE-119,6/12/19,6,US,Nebraska,US-NE,Madison,Cowboy Trail--Broken Bridge,L562624,obsr28733,URN:CornellLabOfOrnithology:EBIRD:OBS774420185
Spotted x Eastern Towhee (hybrid),42.7237613,-103.8466418,US-NE-165,6/13/19,6,US,Nebraska,US-NE,Sioux,Sowbelly Canyon,L281255,obsr234797,URN:CornellLabOfOrnithology:EBIRD:OBS774708327
Spotted x Eastern Towhee (hybrid),41.7093923,-103.6739309,US-NE-157,6/16/19,6,US,Nebraska,US-NE,Scotts Bluff,Wildcat Hills RA--Nature Center,L1560384,obsr234797,URN:CornellLabOfOrnithology:EBIRD:OBS775862860
Spotted x Eastern Towhee (hybrid),41.307831,-102.124586,US-NE-069,6/4/20,6,US,Nebraska,US-NE,Garden,Garden County Rd 44 east of US 26,L11016823,obsr234797,URN:CornellLabOfOrnithology:EBIRD:OBS937695127
Spotted x Eastern Towhee (hybrid),43.0605729,-96.4668059,US-IA-167,6/10/20,6,US,Iowa,US-IA,Sioux,Oak Grove & Big Sioux Park,L741404,obsr990753,URN:CornellLabOfOrnithology:EBIRD:OBS940837274
Spotted x Eastern Towhee (hybrid),43.2238792,-96.579566,US-SD-083,6/11/20,6,US,South Dakota,US-SD,Lincoln,Newton Hills SP,L910083,obsr432927,URN:CornellLabOfOrnithology:EBIRD:OBS942379310
Spotted x Eastern Towhee (hybrid),40.9119017,-97.0830531,US-NE-159,6/12/20,6,US,Nebraska,US-NE,Seward,Plum Creek Trail,L10777247,obsr1571753,URN:CornellLabOfOrnithology:EBIRD:OBS986660036
Spotted x Eastern Towhee (hybrid),42.7653566,-98.062849,US-NE-107,6/13/20,6,US,Nebraska,US-NE,Knox,Niobrara SP,L569258,obsr432927,URN:CornellLabOfOrnithology:EBIRD:OBS942860714
Spotted x Eastern Towhee (hybrid),50.3789108,-101.3302169,CA-MB-FN,6/27/20,6,CA,Manitoba,CA-MB,Western Manitoba Westman,Fort Ellice,L11935206,obsr454532,URN:CornellLabOfOrnithology:EBIRD:OBS958711848
Spotted x Eastern Towhee (hybrid),43.2338429,-96.5740204,US-SD-083,6/27/20,6,US,South Dakota,US-SD,Lincoln,Newton Hills SP--Horse Camp,L2175008,obsr100116,URN:CornellLabOfOrnithology:EBIRD:OBS948594210
Spotted x Eastern Towhee (hybrid),41.3830433,-98.2867585,US-NE-093,6/28/20,6,US,Nebraska,US-NE,Howard,Merrick Road (Howard County),L11795575,obsr297531,URN:CornellLabOfOrnithology:EBIRD:OBS949552522
Spotted x Eastern Towhee (hybrid),41.3829597,-98.2864608,US-NE-121,6/28/20,6,US,Nebraska,US-NE,Merrick,Merrick Road (Merrick County),L11795535,obsr297531,URN:CornellLabOfOrnithology:EBIRD:OBS949551611
Spotted x Eastern Towhee (hybrid),41.3431607,-98.0306213,US-NE-125,6/28/20,6,US,Nebraska,US-NE,Nance,Pleasant Valley Road (Nance County),L11800445,obsr297531,URN:CornellLabOfOrnithology:EBIRD:OBS949886943
Spotted x Eastern Towhee (hybrid),48.9470918,-100.5232716,US-ND-009,6/9/21,6,US,North Dakota,US-ND,Bottineau,Twisted Oaks,L4610987,obsr356212,URN:CornellLabOfOrnithology:EBIRD:OBS1179358259
Spotted x Eastern Towhee (hybrid),42.5547242,-96.4706039,US-IA-193,6/10/21,6,US,Iowa,US-IA,Woodbury,Stone SP,L1156638,obsr617896,URN:CornellLabOfOrnithology:EBIRD:OBS1179588658
Spotted x Eastern Towhee (hybrid),40.5130082,-98.6672858,US-NE-001,6/12/21,6,US,Nebraska,US-NE,Adams,S Constitution Avenue Woodlot (Adams County),L15349228,obsr297531,URN:CornellLabOfOrnithology:EBIRD:OBS1181120317
Spotted x Eastern Towhee (hybrid),42.673412,-98.1290245,US-NE-107,6/13/21,6,US,Nebraska,US-NE,Knox,Bohemia Prairie WMA,L903681,obsr141649,URN:CornellLabOfOrnithology:EBIRD:OBS1182170535
Spotted x Eastern Towhee (hybrid),41.8330548,-96.6942358,US-NE-039,6/18/21,6,US,Nebraska,US-NE,Cuming,Wilderness Park (West Point),L3788940,obsr1772609,URN:CornellLabOfOrnithology:EBIRD:OBS1185773702
Spotted x Eastern Towhee (hybrid),41.9332525,-97.308569,US-NE-167,6/18/21,6,US,Nebraska,US-NE,Stanton,Wood Duck WMA--ponds,L559506,obsr297531,URN:CornellLabOfOrnithology:EBIRD:OBS1185155050
Spotted x Eastern Towhee (hybrid),40.7657865,-96.8507481,US-NE-109,6/27/21,6,US,Nebraska,US-NE,Lancaster,Conestoga Lake,L1029915,obsr240738,URN:CornellLabOfOrnithology:EBIRD:OBS1191024529
Spotted x Eastern Towhee (hybrid),41.8572879,-100.3807068,US-NE-171,6/6/22,6,US,Nebraska,US-NE,Thomas,Nebraska National Forest Bessey Ranger District,L635786,obsr234797,URN:CornellLabOfOrnithology:EBIRD:OBS1453344213
Spotted x Eastern Towhee (hybrid),42.804588,-100.050493,US-NE-103,6/7/22,6,US,Nebraska,US-NE,Keya Paha,Norden Road along Middle Creek,L19522222,obsr234797,URN:CornellLabOfOrnithology:EBIRD:OBS1454048409
Spotted x Eastern Towhee (hybrid),48.6691025,-102.0971815,US-ND-101,6/8/22,6,US,North Dakota,US-ND,Ward,Des Lacs NWR,L158883,obsr116798,URN:CornellLabOfOrnithology:EBIRD:OBS1454987167
Spotted x Eastern Towhee (hybrid),40.002913,-99.352352,US-NE-083,6/8/22,6,US,Nebraska,US-NE,Harlan,W 100 Ln,L19725249,obsr188426,URN:CornellLabOfOrnithology:EBIRD:OBS1462800353
Spotted x Eastern Towhee (hybrid),41.262236,-101.917079,US-NE-101,6/17/22,6,US,Nebraska,US-NE,Keith,Eagle Canyon Hideaway and vicinity,L19724732,obsr188426,URN:CornellLabOfOrnithology:EBIRD:OBS1462786533
Spotted x Eastern Towhee (hybrid),42.2344311,-96.4008648,US-NE-173,6/21/22,6,US,Nebraska,US-NE,Thurston,"Bureau of Indian Affairs Roads 17B & 30 Winnebago, Nebraska, US (42.234, -96.401)",L19759364,obsr617896,URN:CornellLabOfOrnithology:EBIRD:OBS1464193730
Spotted x Eastern Towhee (hybrid),41.7640698,-103.8178557,US-NE-157,6/23/22,6,US,Nebraska,US-NE,Scotts Bluff,Carter Canyon,L281263,obsr234797,URN:CornellLabOfOrnithology:EBIRD:OBS1465568720
Spotted x Eastern Towhee (hybrid),40.272092,-96.293008,US-NE-097,6/26/22,6,US,Nebraska,US-NE,Johnson,"615 Ave, Steinauer US-NE 40.27209, -96.29301",L19850375,obsr297531,URN:CornellLabOfOrnithology:EBIRD:OBS1467841782
Spotted x Eastern Towhee (hybrid),40.83784,-102.8064537,US-CO-075,7/2/11,7,US,Colorado,US-CO,Logan,Tamarack Ranch SWA,L259046,obsr234797,URN:CornellLabOfOrnithology:EBIRD:OBS122055950
Spotted x Eastern Towhee (hybrid),40.4289823,-101.584053,US-NE-029,7/14/11,7,US,Nebraska,US-NE,Chase,Enders Reservoir SRA--Church Grove,L770354,obsr28733,URN:CornellLabOfOrnithology:EBIRD:OBS122749030
Spotted x Eastern Towhee (hybrid),40.5880482,-100.9302807,US-NE-085,7/24/11,7,US,Nebraska,US-NE,Hayes,Hayes Center WMA,L569403,obsr28733,URN:CornellLabOfOrnithology:EBIRD:OBS123217664
Spotted x Eastern Towhee (hybrid),41.3080107,-98.9118004,US-NE-163,7/26/11,7,US,Nebraska,US-NE,Sherman,Sherman Reservoir SRA--Trail 5,L1239434,obsr28733,URN:CornellLabOfOrnithology:EBIRD:OBS123292600
Spotted x Eastern Towhee (hybrid),40.9775329,-98.969779,US-NE-019,7/6/14,7,US,Nebraska,US-NE,Buffalo,Poole,L782079,obsr28733,URN:CornellLabOfOrnithology:EBIRD:OBS262607967
Spotted x Eastern Towhee (hybrid),40.0466059,-101.5266752,US-NE-057,7/17/14,7,US,Nebraska,US-NE,Dundy,Benkelman WTP and Republican crossing,L2985176,obsr28733,URN:CornellLabOfOrnithology:EBIRD:OBS264124110
Spotted x Eastern Towhee (hybrid),39.390637,-99.5227432,US-KS-163,7/24/14,7,US,Kansas,US-KS,Rooks,Webster WA,L2996982,obsr203112,URN:CornellLabOfOrnithology:EBIRD:OBS264940391
Spotted x Eastern Towhee (hybrid),42.7982977,-97.3770189,US-NE-027,7/31/14,7,US,Nebraska,US-NE,Cedar,Chalkrock WMA,L603437,obsr276852,URN:CornellLabOfOrnithology:EBIRD:OBS265832744
Spotted x Eastern Towhee (hybrid),40.0205159,-99.3487215,US-NE-083,7/31/14,7,US,Nebraska,US-NE,Harlan,703 x Corps Rd A,L3011579,obsr28733,URN:CornellLabOfOrnithology:EBIRD:OBS265863920
Spotted x Eastern Towhee (hybrid),40.6324539,-99.8578262,US-NE-073,7/6/18,7,US,Nebraska,US-NE,Gosper,Elwood Reservoir WMA,L939819,obsr28733,URN:CornellLabOfOrnithology:EBIRD:OBS637669346
Spotted x Eastern Towhee (hybrid),47.9900372,-98.9696286,US-ND-005,7/17/18,7,US,North Dakota,US-ND,Benson,White Horse Hill National Game Preserve,L159536,obsr230334,URN:CornellLabOfOrnithology:EBIRD:OBS640730452
Spotted x Eastern Towhee (hybrid),42.8451987,-97.4888134,US-NE-107,7/15/19,7,US,Nebraska,US-NE,Knox,South Shore,L2713595,obsr1006586,URN:CornellLabOfOrnithology:EBIRD:OBS785500447
Spotted x Eastern Towhee (hybrid),40.4353195,-101.5422964,US-NE-029,7/18/20,7,US,Nebraska,US-NE,Chase,Enders Reservoir RA,L6560057,obsr234797,URN:CornellLabOfOrnithology:EBIRD:OBS957903354
Spotted x Eastern Towhee (hybrid),40.6729163,-99.018158,US-NE-019,7/8/21,7,US,Nebraska,US-NE,Buffalo,Kearney hike-bike trail--Cherry to Sweetwater,L6329235,obsr643628,URN:CornellLabOfOrnithology:EBIRD:OBS1197714308
Spotted x Eastern Towhee (hybrid),40.9349785,-102.4869061,US-CO-115,7/11/21,7,US,Colorado,US-CO,Sedgwick,Sedgewick Bar SWA,L4012561,obsr775047,URN:CornellLabOfOrnithology:EBIRD:OBS1198922069
Spotted x Eastern Towhee (hybrid),41.2095019,-101.6477233,US-NE-101,7/12/21,7,US,Nebraska,US-NE,Keith,Cedar Point Biological Station,L4647937,obsr1624582,URN:CornellLabOfOrnithology:EBIRD:OBS1199835775
Spotted x Eastern Towhee (hybrid),40.955448,-97.540012,US-NE-185,7/3/22,7,US,Nebraska,US-NE,York,County Road O and County Road 19--Lincoln Creek Crossings (York County),L19961733,obsr297531,URN:CornellLabOfOrnithology:EBIRD:OBS1472357089
Spotted x Eastern Towhee (hybrid),41.046672,-98.643162,US-NE-079,7/18/22,7,US,Nebraska,US-NE,Hall,"1940‚Äì1976 W Loup River Rd, Cairo US-NE (41.0467,-98.6432)",L10068702,obsr623695,URN:CornellLabOfOrnithology:EBIRD:OBS1481625334
Spotted x Eastern Towhee (hybrid),40.3656397,-99.5860025,US-NE-137,7/20/22,7,US,Nebraska,US-NE,Phelps,727 x Spring Creek,L20224852,obsr28733,URN:CornellLabOfOrnithology:EBIRD:OBS1483071981
Spotted x Eastern Towhee (hybrid),43.4781016,-96.589855,US-SD-083,7/31/22,7,US,South Dakota,US-SD,Lincoln,Good Earth SP,L2304174,obsr516240,URN:CornellLabOfOrnithology:EBIRD:OBS1489534779
Spotted x Eastern Towhee (hybrid),41.2369995,-101.6669998,US-NE-101,8/26/06,8,US,Nebraska,US-NE,Keith,Lake McConaughy,L140454,obsr33073,URN:CornellLabOfOrnithology:EBIRD:OBS435625837
Spotted x Eastern Towhee (hybrid),40.3875881,-104.0895223,US-CO-087,8/15/14,8,US,Colorado,US-CO,Morgan,Jackson Lake SP,L159448,obsr234797,URN:CornellLabOfOrnithology:EBIRD:OBS267758528
Spotted x Eastern Towhee (hybrid),40.4369831,-103.3500665,US-CO-075,8/30/14,8,US,Colorado,US-CO,Logan,Prewitt Reservoir (Logan Co.),L342114,obsr129531,URN:CornellLabOfOrnithology:EBIRD:OBS270006614
Spotted x Eastern Towhee (hybrid),40.9294667,-102.6425171,US-CO-115,8/29/17,8,US,Colorado,US-CO,Sedgwick,Jumbo Reservoir (Sedgwick Co),L587796,obsr234797,URN:CornellLabOfOrnithology:EBIRD:OBS528733711
Spotted x Eastern Towhee (hybrid),40.8635875,-102.6903534,US-CO-075,8/25/19,8,US,Colorado,US-CO,Logan,"County Road 93, Crook, Colorado, US (40.864, -102.69)",L9837554,obsr168341,URN:CornellLabOfOrnithology:EBIRD:OBS798241427
Spotted x Eastern Towhee (hybrid),41.317348,-97.100413,US-NE-023,8/1/20,8,US,Nebraska,US-NE,Butler,County Road O (Butler County),L12000091,obsr297531,URN:CornellLabOfOrnithology:EBIRD:OBS963197119
Spotted x Eastern Towhee (hybrid),42.4521615,-96.6399705,US-NE-043,8/8/20,8,US,Nebraska,US-NE,Dakota,E Sarpy Road (Dakota County),L12042615,obsr297531,URN:CornellLabOfOrnithology:EBIRD:OBS966262333
Spotted x Eastern Towhee (hybrid),42.696579,-96.8968817,US-NE-051,8/8/20,8,US,Nebraska,US-NE,Dixon,"5825th Avenue - 888th Road ""loop"" (Dixon County)",L12042716,obsr297531,URN:CornellLabOfOrnithology:EBIRD:OBS966270041
Spotted x Eastern Towhee (hybrid),40.656022,-98.436658,US-NE-001,8/10/20,8,US,Nebraska,US-NE,Adams,Kernan Lagoon,L12044440,obsr58850,URN:CornellLabOfOrnithology:EBIRD:OBS966411508
Spotted x Eastern Towhee (hybrid),40.6694416,-98.8853645,US-NE-019,8/23/20,8,US,Nebraska,US-NE,Buffalo,Rowe Sanctuary,L374619,obsr623695,URN:CornellLabOfOrnithology:EBIRD:OBS971287010
Spotted x Eastern Towhee (hybrid),40.7940747,-98.4907472,US-NE-079,8/6/21,8,US,Nebraska,US-NE,Hall,Crane Trust Nature and Visitor Center,L605092,obsr1182502,URN:CornellLabOfOrnithology:EBIRD:OBS1213135789
Spotted x Eastern Towhee (hybrid),42.898007,-98.413955,US-NE-015,8/5/22,8,US,Nebraska,US-NE,Boyd,"Sunshine Bottom Rd, Spencer US-NE 42.89801, -98.41395",L20437956,obsr297531,URN:CornellLabOfOrnithology:EBIRD:OBS1492634568
Spotted x Eastern Towhee (hybrid),40.256964,-103.8015747,US-CO-087,8/20/22,8,US,Colorado,US-CO,Morgan,Fort Morgan (town),L2266572,obsr775047,URN:CornellLabOfOrnithology:EBIRD:OBS1502202992
Spotted x Eastern Towhee (hybrid),42.7631044,-96.9625854,US-SD-027,8/27/22,8,US,South Dakota,US-SD,Clay,North Alabama Bend Park,L3896150,obsr516240,URN:CornellLabOfOrnithology:EBIRD:OBS1506258099
Spotted x Eastern Towhee (hybrid),42.864612,-87.840758,US-WI-079,9/25/11,9,US,Wisconsin,US-WI,Milwaukee,Bender Park,L353954,obsr231602,URN:CornellLabOfOrnithology:EBIRD:OBS127324566
Spotted x Eastern Towhee (hybrid),40.36432,-103.52005,US-CO-087,9/27/15,9,US,Colorado,US-CO,Morgan,"Snyder, 32844-33698 County Rd W7",L3931134,obsr129531,URN:CornellLabOfOrnithology:EBIRD:OBS344849149
Spotted x Eastern Towhee (hybrid),38.9938389,-95.1767492,US-KS-103,9/21/16,9,US,Kansas,US-KS,Leavenworth,"Chickadee Ridge Nature Reserve, AKA, GLP home",L1082599,obsr242241,URN:CornellLabOfOrnithology:EBIRD:OBS431247699
Spotted x Eastern Towhee (hybrid),42.4854374,-89.2519348,US-IL-201,9/30/17,9,US,Illinois,US-IL,Winnebago,Sand Bluff Bird Observatory,L303454,obsr114944,URN:CornellLabOfOrnithology:EBIRD:OBS537141897
Spotted x Eastern Towhee (hybrid),41.7078027,-103.6698633,US-NE-157,9/22/18,9,US,Nebraska,US-NE,Scotts Bluff,Wildcat Hills SRA,L280798,obsr234797,URN:CornellLabOfOrnithology:EBIRD:OBS659597080
Spotted x Eastern Towhee (hybrid),38.3390307,-102.6904106,US-CO-061,9/30/18,9,US,Colorado,US-CO,Kiowa,Neenoshe Reservoir,L165236,obsr234797,URN:CornellLabOfOrnithology:EBIRD:OBS662047085
Spotted x Eastern Towhee (hybrid),40.704717,-99.1462898,US-NE-019,9/30/18,9,US,Nebraska,US-NE,Buffalo,Cottonmill Park,L505715,obsr893176,URN:CornellLabOfOrnithology:EBIRD:OBS662052115
Spotted x Eastern Towhee (hybrid),43.869998,-95.12821,US-MN-033,9/30/19,9,US,Minnesota,US-MN,Cottonwood,River Ave.,L6690036,obsr245362,URN:CornellLabOfOrnithology:EBIRD:OBS811939046
Spotted x Eastern Towhee (hybrid),41.2990247,-102.1204948,US-NE-069,9/2/20,9,US,Nebraska,US-NE,Garden,Ash Hollow SHP--visitor center area,L2138887,obsr234797,URN:CornellLabOfOrnithology:EBIRD:OBS975700298
Spotted x Eastern Towhee (hybrid),42.8473192,-97.4838452,US-NE-027,9/17/20,9,US,Nebraska,US-NE,Cedar,Calumet Bluff Trail - Cedar Co.,L8696003,obsr141649,URN:CornellLabOfOrnithology:EBIRD:OBS982561796
Spotted x Eastern Towhee (hybrid),40.8245917,-98.3633423,US-NE-079,9/27/20,9,US,Nebraska,US-NE,Hall,Mormon Island SRA,L1119775,obsr623695,URN:CornellLabOfOrnithology:EBIRD:OBS987567410
Spotted x Eastern Towhee (hybrid),41.3810978,-102.3476887,US-NE-069,9/11/21,9,US,Nebraska,US-NE,Garden,North Platte River--Oshkosh crossing,L3129354,obsr234797,URN:CornellLabOfOrnithology:EBIRD:OBS1235165295
Spotted x Eastern Towhee (hybrid),50.5025684,-104.6631105,CA-SK-SI,9/16/21,9,CA,Saskatchewan,CA-SK,Regina,"Busch Place, Regina, SK Canada",L1353535,obsr292354,URN:CornellLabOfOrnithology:EBIRD:OBS1238052633
Spotted x Eastern Towhee (hybrid),42.5997489,-96.7108226,US-NE-051,9/17/22,9,US,Nebraska,US-NE,Dixon,Ponca State Park--3 State Overlook,L6147100,obsr617896,URN:CornellLabOfOrnithology:EBIRD:OBS1520412136
Spotted x Eastern Towhee (hybrid),42.596587,-96.712957,US-NE-051,9/23/22,9,US,Nebraska,US-NE,Dixon,"Ponca State Park, Ponca US-NE (42.5966,-96.7130)",L8863159,obsr185279,URN:CornellLabOfOrnithology:EBIRD:OBS1524630907
Spotted x Eastern Towhee (hybrid),43.8706233,-96.0339575,US-MN-101,10/12/03,10,US,Minnesota,US-MN,Murray,"Nelvina DeKam's residence near Edgerton, Murray County",L6460607,obsr543162,URN:CornellLabOfOrnithology:EBIRD:OBS548457587
Spotted x Eastern Towhee (hybrid),40.6540109,-98.9978671,US-NE-019,10/7/10,10,US,Nebraska,US-NE,Buffalo,Fort Kearny SRA,L561179,obsr7093,URN:CornellLabOfOrnithology:EBIRD:OBS99423765
Spotted x Eastern Towhee (hybrid),40.4146305,-103.3787003,US-CO-121,10/8/11,10,US,Colorado,US-CO,Washington,Prewitt Reservoir SWA (Washington Co),L140469,obsr234797,URN:CornellLabOfOrnithology:EBIRD:OBS127631676
Spotted x Eastern Towhee (hybrid),40.6438845,-104.3404627,US-CO-123,10/9/11,10,US,Colorado,US-CO,Weld,Pawnee NG--Crow Valley CG,L131333,obsr234797,URN:CornellLabOfOrnithology:EBIRD:OBS127701856
Spotted x Eastern Towhee (hybrid),41.1990648,-101.0016489,US-NE-111,10/12/11,10,US,Nebraska,US-NE,Lincoln,North River WMA,L1291641,obsr28733,URN:CornellLabOfOrnithology:EBIRD:OBS128142954
Spotted x Eastern Towhee (hybrid),39.0398196,-95.2008247,US-KS-045,10/16/11,10,US,Kansas,US-KS,Douglas,Fitch NHR,L468288,obsr268012,URN:CornellLabOfOrnithology:EBIRD:OBS429396895
Spotted x Eastern Towhee (hybrid),33.6425123,-103.3403836,US-NM-041,10/5/12,10,US,New Mexico,US-NM,Roosevelt,Milnesand,L281907,obsr14125,URN:CornellLabOfOrnithology:EBIRD:OBS345689394
Spotted x Eastern Towhee (hybrid),38.9863892,-94.784996,US-KS-091,10/6/12,10,US,Kansas,US-KS,Johnson,Shawnee Mission Park,L140363,obsr179976,URN:CornellLabOfOrnithology:EBIRD:OBS165904992
Spotted x Eastern Towhee (hybrid),38.9855875,-94.8091659,US-KS-091,10/15/12,10,US,Kansas,US-KS,Johnson,Shawnee Mission Park,L166021,obsr281555,URN:CornellLabOfOrnithology:EBIRD:OBS166685513
Spotted x Eastern Towhee (hybrid),39.7602553,-102.4406433,US-CO-125,10/12/13,10,US,Colorado,US-CO,Yuma,Fox Ranch (PRIVATE): East Side,L2369621,obsr35006,URN:CornellLabOfOrnithology:EBIRD:OBS214319499
Spotted x Eastern Towhee (hybrid),38.0187983,-98.1145889,US-KS-155,10/19/13,10,US,Kansas,US-KS,Reno,Our Section,L1356327,obsr291748,URN:CornellLabOfOrnithology:EBIRD:OBS214654468
Spotted x Eastern Towhee (hybrid),39.60682,-102.1847,US-CO-125,10/25/14,10,US,Colorado,US-CO,Yuma,South Republican SWA--Wagon Wheel Campground area,L340234,obsr35006,URN:CornellLabOfOrnithology:EBIRD:OBS277884045
Spotted x Eastern Towhee (hybrid),41.2197275,-96.350441,US-NE-055,10/7/16,10,US,Nebraska,US-NE,Douglas,Two Rivers SRA,L724456,obsr28733,URN:CornellLabOfOrnithology:EBIRD:OBS434795074
Spotted x Eastern Towhee (hybrid),37.7543959,-95.930171,US-KS-207,10/14/17,10,US,Kansas,US-KS,Woodson,Toronto Lake,L924701,obsr443308,URN:CornellLabOfOrnithology:EBIRD:OBS541511701
Spotted x Eastern Towhee (hybrid),40.1738564,-101.1005688,US-NE-087,10/2/20,10,US,Nebraska,US-NE,Hitchcock,Swanson Reservoir SRA--Macklin Bay,L770827,obsr431721,URN:CornellLabOfOrnithology:EBIRD:OBS990007331
Spotted x Eastern Towhee (hybrid),38.0531339,-103.6692667,US-CO-089,10/3/20,10,US,Colorado,US-CO,Otero,Rocky Ford SWA,L131617,obsr308869,URN:CornellLabOfOrnithology:EBIRD:OBS990639100
Spotted x Eastern Towhee (hybrid),37.103536,-101.9384614,US-KS-129,10/19/20,10,US,Kansas,US-KS,Morton,Cimarron NG--Point of Rocks,L131532,obsr432927,URN:CornellLabOfOrnithology:EBIRD:OBS999832307
Spotted x Eastern Towhee (hybrid),32.4734858,-97.4121152,US-TX-251,10/31/20,10,US,Texas,US-TX,Johnson,Yard,L6670420,obsr998330,URN:CornellLabOfOrnithology:EBIRD:OBS1005383188
Spotted x Eastern Towhee (hybrid),41.413235,-95.858,US-IA-155,10/4/21,10,US,Iowa,US-IA,Pottawattamie,Hitchcock Nature Center,L70754,obsr355251,URN:CornellLabOfOrnithology:EBIRD:OBS1250495119
Spotted x Eastern Towhee (hybrid),40.9704362,-96.8676911,US-NE-109,10/5/21,10,US,Nebraska,US-NE,Lancaster,Branched Oak SRA,L325696,obsr264913,URN:CornellLabOfOrnithology:EBIRD:OBS1250896666
Spotted x Eastern Towhee (hybrid),41.0332368,-96.9153786,US-NE-159,10/6/21,10,US,Nebraska,US-NE,Seward,Meadowlark RA,L1303072,obsr234797,URN:CornellLabOfOrnithology:EBIRD:OBS1251587150
Spotted x Eastern Towhee (hybrid),40.6931672,-96.8533451,US-NE-109,10/14/21,10,US,Nebraska,US-NE,Lancaster,Spring Creek Prairie Audubon Center,L351223,obsr264913,URN:CornellLabOfOrnithology:EBIRD:OBS1257971636
Spotted x Eastern Towhee (hybrid),32.925858,-96.707317,US-TX-113,10/30/21,10,US,Texas,US-TX,Dallas,Patch 1,L3040029,obsr533446,URN:CornellLabOfOrnithology:EBIRD:OBS1268489002
Spotted x Eastern Towhee (hybrid),40.4247616,-97.1060414,US-NE-151,10/5/22,10,US,Nebraska,US-NE,Saline,Swanton WMA,L7897457,obsr240841,URN:CornellLabOfOrnithology:EBIRD:OBS1533071724
Spotted x Eastern Towhee (hybrid),40.1106794,-97.0577073,US-NE-095,10/9/22,10,US,Nebraska,US-NE,Jefferson,Rock Creek Station SHP,L2208527,obsr240841,URN:CornellLabOfOrnithology:EBIRD:OBS1536389149
Spotted x Eastern Towhee (hybrid),40.7523937,-96.6108942,US-NE-109,10/24/22,10,US,Nebraska,US-NE,Lancaster,backyard,L7180485,obsr918091,URN:CornellLabOfOrnithology:EBIRD:OBS1548926195
Spotted x Eastern Towhee (hybrid),34.7124907,-98.6413512,US-OK-031,10/28/22,10,US,Oklahoma,US-OK,Comanche,Wichita Mtns Wildlife Refuge--Quanah Parker Dam,L5446023,obsr381931,URN:CornellLabOfOrnithology:EBIRD:OBS1550982354
Spotted x Eastern Towhee (hybrid),30.3067833,-98.2512236,US-TX-031,11/29/03,11,US,Texas,US-TX,Blanco,Pedernales Falls State Park (HOTE 050),L129053,obsr1127299,URN:CornellLabOfOrnithology:EBIRD:OBS701313131
Spotted x Eastern Towhee (hybrid),30.4391651,-99.8128617,US-TX-267,11/8/09,11,US,Texas,US-TX,Kimble,South Llano River SP (HOTW 093),L283468,obsr176756,URN:CornellLabOfOrnithology:EBIRD:OBS474049962
Spotted x Eastern Towhee (hybrid),30.8773,-98.438,US-TX-053,11/25/16,11,US,Texas,US-TX,Burnet,Canyon of the Eagles (HOTE 020),L289812,obsr215488,URN:CornellLabOfOrnithology:EBIRD:OBS445260947
Spotted x Eastern Towhee (hybrid),34.9736944,-101.6764361,US-TX-381,11/8/18,11,US,Texas,US-TX,Randall,Palo Duro Canyon SP--Trading Post Bird Blind,L4401358,obsr182276,URN:CornellLabOfOrnithology:EBIRD:OBS674653669
Spotted x Eastern Towhee (hybrid),34.9651086,-101.671257,US-TX-381,11/12/18,11,US,Texas,US-TX,Randall,Palo Duro Canyon  SP (PHP 040),L260936,obsr992775,URN:CornellLabOfOrnithology:EBIRD:OBS677149724
Spotted x Eastern Towhee (hybrid),29.8247288,-95.6288409,US-TX-201,11/16/19,11,US,Texas,US-TX,Harris,Bear Creek Park (UTC 097),L257187,obsr654280,URN:CornellLabOfOrnithology:EBIRD:OBS828491159
Spotted x Eastern Towhee (hybrid),33.20034,-98.16167,US-TX-237,11/12/20,11,US,Texas,US-TX,Jack,Fort Richardson SP (PPW-W 110),L189433,obsr166950,URN:CornellLabOfOrnithology:EBIRD:OBS1011114512
Spotted x Eastern Towhee (hybrid),42.6372738,-70.8157039,US-MA-009,11/30/20,11,US,Massachusetts,US-MA,Essex,"Donovan Reservation, Hamilton",L7500762,obsr131414,URN:CornellLabOfOrnithology:EBIRD:OBS1020700782
Spotted x Eastern Towhee (hybrid),35.4785825,-97.6629719,US-OK-109,11/5/22,11,US,Oklahoma,US-OK,Oklahoma,Oklahoma City West River Trail,L3785904,obsr607535,URN:CornellLabOfOrnithology:EBIRD:OBS1555446870
Spotted x Eastern Towhee (hybrid),30.5048635,-98.817687,US-TX-299,11/12/22,11,US,Texas,US-TX,Llano,Enchanted Rock SNA (Llano Co.),L503119,obsr2710457,URN:CornellLabOfOrnithology:EBIRD:OBS1561301123
Spotted x Eastern Towhee (hybrid),34.6045059,-104.3880458,US-NM-011,11/19/22,11,US,New Mexico,US-NM,De Baca,Sumner Lake SP--Below the Dam,L283207,obsr107449,URN:CornellLabOfOrnithology:EBIRD:OBS1565319004
Spotted x Eastern Towhee (hybrid),31.1562236,-97.6614513,US-TX-027,11/20/22,11,US,Texas,US-TX,Bell,Fort Hood East Range--South (Restricted Access),L8806901,obsr324113,URN:CornellLabOfOrnithology:EBIRD:OBS1566029146
Spotted x Eastern Towhee (hybrid),30.5367677,-97.7302091,US-TX-491,12/25/11,12,US,Texas,US-TX,Williamson,My Round Rock  Yard,L10990273,obsr88637,URN:CornellLabOfOrnithology:EBIRD:OBS134034712
Spotted x Eastern Towhee (hybrid),35.1451785,-106.657033,US-NM-001,12/17/12,12,US,New Mexico,US-NM,Bernalillo,Los Poblanos Open Space,L1285882,obsr94220,URN:CornellLabOfOrnithology:EBIRD:OBS173076999
Spotted x Eastern Towhee (hybrid),30.3641504,-98.1237811,US-TX-453,12/28/13,12,US,Texas,US-TX,Travis,Milton Reimers Ranch Park,L305948,obsr277723,URN:CornellLabOfOrnithology:EBIRD:OBS344057122
Spotted x Eastern Towhee (hybrid),30.3373826,-97.8930759,US-TX-453,12/29/15,12,US,Texas,US-TX,Travis,Commons Ford Ranch Metro Park,L486383,obsr195130,URN:CornellLabOfOrnithology:EBIRD:OBS362509408
Spotted x Eastern Towhee (hybrid),30.849891,-98.133743,US-TX-053,12/3/16,12,US,Texas,US-TX,Burnet,US-TX-Burnet-10215 FM 963 - 30.8499x-98.1337Denny Ranch 2,L5121638,obsr520879,URN:CornellLabOfOrnithology:EBIRD:OBS446804931
Spotted x Eastern Towhee (hybrid),30.9623766,-98.6788054,US-TX-411,12/17/16,12,US,Texas,US-TX,San Saba,"3650 CR 437 Cherokee, TX",L2590456,obsr455843,URN:CornellLabOfOrnithology:EBIRD:OBS449716769
Spotted x Eastern Towhee (hybrid),37.1437472,-103.0827943,US-CO-009,12/26/16,12,US,Colorado,US-CO,Baca,Cottonwood Canyon (Baca Co.; county line just W of Rd 5-Rd 244 intersection),L140458,obsr275593,URN:CornellLabOfOrnithology:EBIRD:OBS452644564
Spotted x Eastern Towhee (hybrid),31.0371972,-97.5403118,US-TX-027,12/16/17,12,US,Texas,US-TX,Bell,Stillhouse Hollow Lake- Stillhouse Park,L911412,obsr121585,URN:CornellLabOfOrnithology:EBIRD:OBS557767140
Spotted x Eastern Towhee (hybrid),30.6639372,-96.3246138,US-TX-041,12/23/17,12,US,Texas,US-TX,Brazos,Brazos Center,L270820,obsr328721,URN:CornellLabOfOrnithology:EBIRD:OBS583177498
Spotted x Eastern Towhee (hybrid),30.40675,-97.7903333,US-TX-453,12/29/17,12,US,Texas,US-TX,Travis,St. Edwards Pk (NW Austin),L391415,obsr819061,URN:CornellLabOfOrnithology:EBIRD:OBS561410801
Spotted x Eastern Towhee (hybrid),42.9221356,-89.7844791,US-WI-025,12/30/17,12,US,Wisconsin,US-WI,Dane,County Rd H,L6663245,obsr602297,URN:CornellLabOfOrnithology:EBIRD:OBS563707223
Spotted x Eastern Towhee (hybrid),29.806086,-98.148814,US-TX-091,12/31/17,12,US,Texas,US-TX,Comal,River chase POA River Park,L5288283,obsr758886,URN:CornellLabOfOrnithology:EBIRD:OBS562790618
Spotted x Eastern Towhee (hybrid),38.2951911,-102.6510143,US-CO-061,12/2/18,12,US,Colorado,US-CO,Kiowa,Upper Queens/Neeskah Reservoir,L267335,obsr275593,URN:CornellLabOfOrnithology:EBIRD:OBS682278005
Spotted x Eastern Towhee (hybrid),30.4121466,-97.7544191,US-TX-453,12/21/18,12,US,Texas,US-TX,Travis,"Great Hills Park, Austin",L721762,obsr132874,URN:CornellLabOfOrnithology:EBIRD:OBS688114506
Spotted x Eastern Towhee (hybrid),33.4737991,-101.086116,US-TX-107,12/29/18,12,US,Texas,US-TX,Crosby,White River Lake (PHP 023),L261960,obsr89319,URN:CornellLabOfOrnithology:EBIRD:OBS691626655
Spotted x Eastern Towhee (hybrid),31.819338,-99.627398,US-TX-083,12/2/19,12,US,Texas,US-TX,Coleman,US-TX-Talpa - WestmorelandRanch,L2960656,obsr285050,URN:CornellLabOfOrnithology:EBIRD:OBS834144625
Spotted x Eastern Towhee (hybrid),33.5321788,-101.6924143,US-TX-303,12/14/19,12,US,Texas,US-TX,Lubbock,Buffalo Springs Lake area--LEAS Nature Trail,L6821054,obsr238387,URN:CornellLabOfOrnithology:EBIRD:OBS838463641
Spotted x Eastern Towhee (hybrid),35.52244,-97.670395,US-OK-109,12/12/20,12,US,Oklahoma,US-OK,Oklahoma,Stinchcomb Wildlife Refuge (Oklahoma Co.),L168770,obsr231358,URN:CornellLabOfOrnithology:EBIRD:OBS1028081922
Spotted x Eastern Towhee (hybrid),32.673519,-93.0318618,US-LA-027,12/24/20,12,US,Louisiana,US-LA,Claiborne,Athens - yard,L1136031,obsr120409,URN:CornellLabOfOrnithology:EBIRD:OBS1035262710
Spotted x Eastern Towhee (hybrid),31.9297289,-95.8876419,US-TX-001,12/29/20,12,US,Texas,US-TX,Anderson,Gus Engeling WMA (PPW-W 020),L447343,obsr279424,URN:CornellLabOfOrnithology:EBIRD:OBS1039422246
Spotted x Eastern Towhee (hybrid),35.4652839,-97.5183392,US-OK-109,12/4/21,12,US,Oklahoma,US-OK,Oklahoma,Myriad Botanical Gardens,L788933,obsr1835889,URN:CornellLabOfOrnithology:EBIRD:OBS1299239290
Spotted x Eastern Towhee (hybrid),30.2181988,-97.6458054,US-TX-453,12/4/21,12,US,Texas,US-TX,Travis,Hornsby Bend (HOTE 037),L130766,obsr1151763,URN:CornellLabOfOrnithology:EBIRD:OBS1289420787
Spotted x Eastern Towhee (hybrid),35.5248192,-97.6663645,US-OK-109,12/18/21,12,US,Oklahoma,US-OK,Oklahoma,Stinchcomb Wildlife Refuge--Gate 1,L6125947,obsr607535,URN:CornellLabOfOrnithology:EBIRD:OBS1297787526
Spotted x Eastern Towhee (hybrid),38.2599014,-104.6997499,US-CO-101,12/27/21,12,US,Colorado,US-CO,Pueblo,Lake Pueblo SP--Valco Ponds,L268752,obsr234797,URN:CornellLabOfOrnithology:EBIRD:OBS1304205705
Spotted x Eastern Towhee (hybrid),34.7159601,-98.6390194,US-OK-031,12/4/22,12,US,Oklahoma,US-OK,Comanche,Wichita Mtns Wildlife Refuge--Environmental Education Center,L1433894,obsr1835889,URN:CornellLabOfOrnithology:EBIRD:OBS1575608350
Spotted x Eastern Towhee (hybrid),35.484115,-97.6650719,US-OK-109,12/4/22,12,US,Oklahoma,US-OK,Oklahoma,Overholser Dam & Park,L1356781,obsr607535,URN:CornellLabOfOrnithology:EBIRD:OBS1575355570
Spotted x Eastern Towhee (hybrid),31.0404684,-97.8450921,US-TX-027,12/17/22,12,US,Texas,US-TX,Bell,"West Ft Hood, RESTRICTED ACCESS",L21827365,obsr578188,URN:CornellLabOfOrnithology:EBIRD:OBS1583569340
Spotted x Eastern Towhee (hybrid),34.0576727,-98.4800076,US-TX-485,12/23/22,12,US,Texas,US-TX,Wichita,Wichita_Perkins Boy Scout Camp,L21891613,obsr348588,URN:CornellLabOfOrnithology:EBIRD:OBS1587785414
Spotted x Eastern Towhee (hybrid),35.6072167,-97.6092553,US-OK-109,12/24/22,12,US,Oklahoma,US-OK,Oklahoma,Martin Park Nature Center,L457473,obsr231358,URN:CornellLabOfOrnithology:EBIRD:OBS1590690954
Spotted x Eastern Towhee (hybrid),37.3995653,-91.7820442,US-MO-215,12/31/22,12,US,Missouri,US-MO,Texas,BRBL spot CBC,L17366107,obsr139709,URN:CornellLabOfOrnithology:EBIRD:OBS1595992378